,"2,3-dihydroxyisovaleric acid",2-aminoadipic acid,2-isopropylmalic acid,"3,4-dihydroxybenzoic acid (protocatechuic acid)","3,5-dihydroxybenzoic acid",3-hydroxybutyric acid,4-hydroxy-3-methoxybenzoic acid (isovanillic acid),4-hydroxy-3-methoxybenzoic acid (vanillic acid),4-hydroxy-3-methoxybenzyl alcohol,4-hydroxybenzoic acid (p-salicylic acid),6-hydroxynicotinic acid,Benzoic acid,Carbonate ion,"cis,cis-muconic acid",Citric acid,D-glucose-6-phosphate,Fumaric acid,Gentisic acid,Glyceric acid,Heptadecanoic acid,L-malic acid,Methyl phosphate,Myristic acid,Nicotinic acid,Palmitic acid,Stearic acid,Succinic acid,Thymine,Trehalose,Uracil,Vanillin,1-hexadecanol,"2,3-dihydroxybenzoic acid",2-hydroxyglutaric acid,4-hydroxyphenylpyruvic acid,alpha-ketoglutaric acid,Atrazin-2-hydroxy,Beta- alanine,Catechol,D-galactose,D-mannose,D-threitol,D-xylose,Gallic acid,Glycolic acid,Lactic acid,L-glutamic acid,L-pyroglutamic acid,Malonic acid,Myo-inositol,Oleic acid,Oxalic acid,Pantothenic acid,Phenylpyruvic acid,Porphine,Pyruvic acid,Tyramine,Unknown - Carbohydrate 001,Unknown - Carbohydrate 002,Unknown - Carbohydrate 003,Unknown 001,Unknown 002,Unknown 003,Unknown 004,Unknown 005,Unknown 006,Unknown 007,Unknown 008,Unknown 009,Unknown 010,Unknown 011,Unknown 012,Unknown 013,Unknown 014,Unknown 015,Unknown 016,Unknown 017,Unknown 018,Unknown 019,Unknown 020,Unknown 021,Unknown 022,Unknown 023,Unknown 024,Unknown 025,Unknown 026,Unknown 027,Unknown 028,Unknown 029,Unknown 030,Unknown 031,Unknown 032,Unknown 033,Unknown 034,Unknown 035,Unknown 036,Unknown 037,Unknown 038,Unknown 039,Unknown 040,Unknown 041,Unknown 042,Unknown 043,Unknown 044,Unknown 045,Unknown 046,Unknown 047,Unknown 048,Unknown 049,Unknown 050,Unknown 051,Unknown 052,Unknown 053,Unknown 054,Unknown 055,Unknown 056,Unknown 057,Unknown 058,Unknown 059,Unknown 060,Unknown 061,Unknown 062,Unknown 063,Unknown 064,Unknown 065,Unknown 066,Unknown 067,Unknown 068,Unknown 069,Unknown 071,Unknown 072,Unknown 073,Unknown 074,Unknown 075,Unknown 076,Unknown 077,Unknown 078,Unknown 079,Unknown 080,Unknown 081,Unknown 082,Unknown 083,Unknown 084,Unknown 085,Unknown 086,Unknown 087,Unknown 088,Unknown 089,Unknown 090,Unknown 091,Unknown 092,Unknown 093,Unknown 094,Unknown 095,Unknown 096,Unknown 097,Unknown 098,Unknown 099,Unknown 100,Unknown 101,Unknown 102,Unknown 103,Unknown 104,Unknown 105,Unknown 106,Unknown 107,Unknown 108,Unknown 109,Unknown 110,Unknown 111,Unknown 112,Unknown 113,Unknown 114,Unknown 115,Unknown 116,Unknown 117,Unknown 118,Unknown 119,Unknown 120,Unknown 121,Unknown 122,Unknown 123,Unknown 124,Unknown 125,Unknown 126,Unknown 127,Unknown 128,Unknown 129,Unknown 130,Unknown 131,Unknown 132,Unknown 133,Unknown 134,Unknown 135,Unknown 136,Unknown 137,Unknown 138,Unknown 139,Unknown 140,Unknown 141,Unknown 142,Unknown 143,Unknown 144,Unknown 145,Unknown 146,Unknown 147,Unknown 148,Unknown 149,Unknown 150,Unknown 151,Unknown 152,Unknown 153,Unknown 154,Unknown 155,Unknown 156,Unknown 157,Unknown 158,Unknown 159,Unknown 160,Unknown 161,Unknown 162,Unknown 163,Unknown 164,Unknown 165,Unknown 166,Unknown 167,Unknown 168,Unknown 169,Unknown 170,Unknown 171,Unknown 172,Unknown 173,Unknown 174,Unknown 175,Unknown 176,Unknown 177,Unknown 178,Unknown 179,Unknown 180,Unknown 181,Unknown 182,Unknown 183,Unknown 184,Unknown 185,Unknown 186,Unknown 189,Unknown 190
Tags,High Confidence,High Confidence,High Confidence,High Confidence,High Confidence,High Confidence,High Confidence,High Confidence,High Confidence,High Confidence,High Confidence,High Confidence,High Confidence,High Confidence,High Confidence,High Confidence,High Confidence,High Confidence,High Confidence,High Confidence,High Confidence,High Confidence,High Confidence,High Confidence,High Confidence,High Confidence,High Confidence,High Confidence,High Confidence,High Confidence,High Confidence,Moderate Confidence,Moderate Confidence,Moderate Confidence,Moderate Confidence,Moderate Confidence,Moderate Confidence,Moderate Confidence,Moderate Confidence,Moderate Confidence,Moderate Confidence,Moderate Confidence,Moderate Confidence,Moderate Confidence,Moderate Confidence,Moderate Confidence,Moderate Confidence,Moderate Confidence,Moderate Confidence,Moderate Confidence,Moderate Confidence,Moderate Confidence,Moderate Confidence,Moderate Confidence,Moderate Confidence,Moderate Confidence,Moderate Confidence,Moderate Confidence,Moderate Confidence,Moderate Confidence,,,,,,,,,,,,,,,,,,,,,,,,,,,,,,,,,,,,,,,,,,,,,,,,,,,,,,,,,,,,,,,,,,,,,,,,,,,,,,,,,,,,,,,,,,,,,,,,,,,,,,,,,,,,,,,,,,,,,,,,,,,,,,,,,,,,,,,,,,,,,,,,,,,,,,,,,,,,,,,,,,,,,,,,,,,,,,,,,,,,,,,,,,,
pvhg_media_t0,114833.313811934,0.0,0.0,7864204.04196765,7865374.97138534,215612.31126291,148332657.489465,17609242.1677233,281459979.793861,896752381.0176394,0.0,40785.59446105,1284748.73827596,160459.0,0.0,0.0,929035.82806516,0.0,9606.335538375,71820.80378685001,2680.41321306,570393.540819874,23123.1852521151,737470.621566706,633917.626883031,250734.97648034,67810.336822205,31517.418315327,1537.8821123,0.0,2760035.46987315,46292.96338801,0.0,572.18456815,0.0,11249.52649519,81670.80431005,812117.550523361,330472.03527134,103236.02552427,170183.4636125,0.0,117935.489716624,14108.64655365,185061.55809281,1109086.34480092,0.0,194813.470090787,39880.329404782,0.0,15063.227374176,2125900.56826329,1536.9712983768,0.0,120171.661380744,4517.217225208,6762.163433834,7611.941871,0.0,16050.58815359,33070000.8216513,421709.93134903,44376.6448882,1460093.72602497,30087.2833112062,0.0,624494.16772275,1179819.02287015,694795.32341934,742315.90273486,544695.083098639,0.0,1900971.66603895,140277.14706536,171895.80277555,92872.0367368,357916.5315434,62103.10328772,186330.547618284,116205.722494401,143962.19480927,39126.1878314912,137663.179580392,255967.5156151,429620.26685482,96243.45987975,445786.362377233,0.0,773116.147935692,0.0,1082932.70586331,458085.48273738,128055.731441231,484188.75644121,1287033.95137793,97337.995258927,49502.398675481,112491.0557085,0.0,0.0,420783134.812344,728375.720919532,60618311.3656693,0.0,440549355.011896,38505761.4464446,0.0,0.0,97109.551876846,43821487.5259624,31984.810727737,69304.035032106,0.0,13921.1527050498,6621.9618259452,0.0,315886.292201333,64664.31978437,137575.61211611,165696.57348445,170313.54248233,143816.213109195,28121.259634354,208438.15485152,51704.901500441,168495.49576104,593658.48237103,1117866.37346585,482477.0,289554.54310186,259039.05626247,270202.569591625,75968.56554684,0.0,49986.945146444,254758.8618108,0.0,75390.585089,164889.46739217,0.0,29386.5109034,29386.5109034,27763.0,129974.30118396,160458.1349094,170076.97823189,33059.05102031,137554.92716323,0.0,134452.60173385,58541.2460728212,8634151.03446965,8634151.03446965,0.0,2002011.10116352,8619176.61126025,0.0,0.0,14175462.3038364,0.0,264450398.559845,251342.927736062,210061.534589364,40189.33831644,106831.53969262,109079.0,5963.80192152,11278.89702642,14425.67958912,2698.60795022,90786.05987388,2641522.50657576,0.0,6781670.76255229,2859419.57331654,0.0,2583781.83354522,247064098.425232,275608585.836183,35345599.7790095,0.0,5453107.22341417,275658339.522256,192981.073711518,0.0,97287.5896070756,54840.3834106683,2088338.49955564,458186.239831297,8688.0844374177,156301.95277268,132994.540810892,6762.163433834,331913.86631453,44480.011162125,89096.582062986,0.0,65645.86497535,51344.9202577,137623.18630847,0.0,55194.03903728,0.0,0.0,10679.36097586,68995.61734846,16882.31200885,395001.645953524,152557.0,130513.32299634,156240.324739511,131149.4476361,4262.711649364,0.0,0.0,44392.41610206,54894.50828015,16863.03287916,87090.07099811,72707.6670821236,72707.6670821236,200487.14937416,98465.48589992,25427.49432634,67427.88474167,0.0,0.0,114022.00928596,46644.78825435,0.0,27100.0514543,0.0,73474.72944165,16735.68456152,0.0,0.0,261583.429426204,2010.56987268,1271389.38111464,414642.282357378,44129.5416006,0.0,28664.39972249,128643.07590064,87974.15997096,193139.573885605,590800.60714374
ex_pvhg_pvhg6_lag_1,936757.052798024,0.0,66927.7005696516,31898175.3607518,30144969.2579482,264549.428396105,14482067.2507155,8334201.29056032,361421697.582823,878496132.2219748,0.0,217485.68692844,879830.548731518,5878147.85843921,354148.28119717,0.0,2266450.75657575,0.0,132798.0,71992.34699369001,2229246.40159517,117044.308984368,59021.65256032,121115.008199766,764745.121610388,418552.099676233,2225034.79445171,11610.0387379488,94368.113841563,0.0,2365360.80753262,81413.6782667,0.0,152295.724179155,0.0,3707581.6263052,30619.995375746,747844.16694454,250578.37138985,33197.820389286,135395.88915329,0.0,185645.321773415,10827.54131714,212258.35823721,904073.65801181,0.0,385062.0,140775.20972766,0.0,66383.343492656,1811985.23720275,0.0,2217777.220216,2519.26015436,533355.3058799,10039755.5004092,0.0,69526.14250639,68801.64122104,29209624.3008583,402630.72070707,121164.357364106,1366699.83221747,91552.592506512,0.0,486804.039582008,1049630.99383131,669754.301864548,464356.724820129,695577.47261696,0.0,1668438.77803739,130866.34132496,123538.69845665,80685.55310058,320675.73582975,99228.329305664,316787.97725771,342684.12870398,165936.11721988,42624.957256835,398609.3658331,240707.75171321,180393.38634621,267614.88208781,107353.39814825,320881.046411922,637951.56452845,0.0,466635.62375157,341305.18893761,912933.777018783,0.0,1146065.26724385,86264.028713434,62968.912646548,0.0,0.0,0.0,984586240.0,9982785.65204624,168187550.750238,0.0,924986733.308503,316021501.138188,0.0,0.0,0.0,36486331.7350362,57150.092147561,87627.021315664,0.0,95093.004399958,17399.5564616811,297380.184006666,364255.310852276,201685.049030266,206252.56722428,145426.16247439,161087.5446677,114891.58333272,130303.276135382,774337.576599179,74040.9361538542,278120.224926422,185276.774664841,1986232.59465397,334283.11849488,84994.36882958,63402.036780308,302690.656731496,725727.81101815,209368.975107632,17613.5156594108,5298002.07477261,0.0,36770.37938812,363243.23645559,0.0,1507220.08349985,0.0,0.0,220405.70024742,686217.57523493,1040443.09565754,1408823.54870459,1862419.0,0.0,1061448.30310251,0.0,1350059.80313909,1353811.05900867,0.0,541872.0,4575792.72267477,0.0,0.0,0.0,81019821.6881359,770228854.479517,124745.194308505,184991.436933162,55174.69176206,115396.677337399,190874.74895688,241225.99162782,137203.87150906,237283.55830895,0.0,137086.40083964,320147.795314724,0.0,3600160.75319471,3578292.36663958,0.0,0.0,366115894.135103,197659871.390288,0.0,0.0,0.0,68656.13668418,115613.947400731,0.0,68250.4200165,198967.920457474,1778638.980855,233202.055599594,5764.5733354872,380627.40270778,9474.50569816096,8822906.65134204,0.0,364289.0,162499.26199553,0.0,64469.18863376,81800.55432354,996214.32908882,0.0,92410.97781767,0.0,0.0,82897.03103382,274864.370057453,194062.502537074,386585.85508053,372714.25576725,210680.5570784,189732.458046016,102734.645552628,0.0,25821.51111575,22196.256921837,235180.98379049,40150.99202706,37906.61977464,93553.94643837,68294.28504415,68294.28504415,180253.89832597,435330.683580023,22353.19230214,29734.84730914,0.0,38703.499866952,170454.32915046,44172.85358204,27513.430218248,22687.31063106,151598.444785146,57484.05194203,265869.286172913,0.0,77691.61622491,326461.115357623,0.0,1255939.33027463,420832.472748588,38371.15442394,0.0,91573.87432041,198270.77340319,138175.82243312,293686.127779475,783792.453881346
ex_pvhg_pvhg6_lag_2,526445.054775991,0.0,33963.36696189,33030577.4085423,3557231.12456319,282792.41189275,68961562.6849534,290709873.416251,85997150.9340299,711011931.119272,0.0,257045.96139179,891496.548854753,5049783.79919126,244242.572168547,0.0,1260311.16656516,0.0,1040513.4276459,58439.12883228,1384721.85373079,376163.980375013,41256.0,76861.879789873,713718.578216516,401146.957577658,2116853.81043335,30905.0663130748,63600.775347519,0.0,1635013.34428878,10007.11573744,0.0,283917.07571365,0.0,2489796.45234619,28721.0858199,437538.601112602,56348.06731185,104936.43129904,116314.623377,0.0,114684.058944139,11616.53249838,972056.82740779,538502.17259984,0.0,350694.63262826,76793.44946704,0.0,124489.330886707,1684807.86974675,0.0,1467124.71301209,36889.181011056,445993.96253448,11974775.1653342,0.0,81227.23970137,59915.74518921,25070003.6485212,197697.269430703,2324165.35023543,1160430.94395709,63886.7840513808,0.0,549841.754472709,939623.63221252,753330.81430615,45592.78302117,282588.157020785,56298.07244232,1492758.67560554,101214.0,943644.37629664,99713.631026,282750.39402442,133987.576441816,387941.2147992,71110.8382682055,121778.46360932,104626.74191322,651495.675101712,282751.41833384,102108.07352356,773318.5605096,100251.67940897,400356.342869314,1333803.15968508,0.0,770949.048767888,1158802.03719468,1097009.53098767,490095.97960786,2546054.82972373,48392.760838776,61167.58694177,0.0,0.0,0.0,1000933058.59767,205051.588435408,304186122.256669,0.0,1000933058.59767,189625614.239901,0.0,0.0,1678660.75149048,25007755.1944218,29406.680232272,781.031961395673,0.0,6262.183944,59668.907440622,0.0,319719.29920014,257820.38348759,90475.193254003,45080.84860045,100062.75426547,89009.20677859,45130.638155412,439908.552526314,44169.896524134,352172.961188094,1863967.09427999,2061693.99542651,209496.79616976,166388.9462749,133906.91846708,298480.516768674,291144.66153922,114054.292110007,2094.44241474,100034.10760842,0.0,42090.84445104,144223.405617865,0.0,1041418.03465504,0.0,31004.26483505,234801.545590194,1009310.26549283,2268298.48527652,2877211.16774053,1260688.23099016,0.0,1563530.14753492,3412.536167009,0.0,1851.716563417,1042757.47086405,345773.874284989,1035981.86674198,0.0,0.0,0.0,48434615.9833766,760884090.429054,243940.332076853,172373.818364478,55609.06419228,71534.61762728,204912.687624549,118184.50930917,220653.21021689,87996.60692166,0.0,132563.64922693,0.0,0.0,253646978.242692,3336785.68312664,0.0,9449537.21820784,441510028.838015,8474.28923480927,0.0,0.0,29241341.991585,51058.2020954,11024.6257906778,16804.2518801808,2248104.92287495,202661.331075825,1558591.38815521,170413.0103328,12862.5523737525,468524.30679744,10517.5188245081,10318622.9578622,0.0,544577.65389277,165547.59893388,0.0,19730.85948036,87043.44070179,791770.78172291,0.0,26958.91795158,0.0,0.0,57178.54486799,247074.66308986,187208.399426596,322759.245869034,365587.063350571,527166.763821622,246738.684656873,154025.439268204,0.0,29623.4217488,131833.34838555,314037.382444346,29486.9707008,7595.32548264,86780.76473168,75821.26742192,75821.26742192,203225.26775907,638825.826306125,24178.175585,37907.74122441,0.0,28039.743369456,194994.18826772,64211.190161852,31219.398844892,16214.88312008,126451.831405317,74800.83746046,18840.43959296,0.0,54435.16061995,284732.38450138,599.00429961,1027145.99048478,361821.673164693,42732.26270468,0.0,89105.46017197,165410.1482943,113691.52372457,309054.185251834,821712.40708827
ex_pvhg_pvhg6_lag_3,443091.774726725,0.0,0.0,26692363.1160858,847341.337985388,303108.900915245,151933411.281491,151706598.575939,253523206.226306,752460632.7766399,0.0,62469.292073669,577919.806025466,5127296.14421383,399007.328539032,0.0,1575225.58225917,0.0,1337062.1774723302,106122.32947319999,3029008.1588478,249257.415694763,13171.7329383428,94465.556689363,1154598.11221514,562600.431641219,2171637.13434314,15407.6651899842,50827.38127885,0.0,1634317.03013541,47814.269412271,0.0,125959.285084133,0.0,2214251.0277124,121777.62825191,265132.05853446,254988.77069437,49354.89397336,55082.01100627,5916.5076236,116275.396349882,11655.76631185,211375.974320144,187977.665409998,0.0,147820.83766704,119977.86565437,0.0,51008.43002868,1791423.88260204,0.0,1520604.22846304,24120.5904849542,517822.5290718,10057357.5048739,45451.32352558,56108.20945583,37325.01228536,32562420.0863148,29813.19744918,3000423.49208559,1305620.24455417,96079.7745462,95417.01847251,512366.716980908,1143777.77699575,463063.89501164,493449.53267622,160033.485894488,0.0,1431087.31234981,127894.529708577,181787.4974383,102070.41887027,330467.041841244,67263.488502038,139793.54463632,219092.05477083,22925.07434034,8893.3240814,516664.071103595,272921.57222749,131049.07196695,785752.81158018,112605.46088726,313018.867419195,1454523.51755816,832429.90291282,725645.813214779,983408.72008365,876125.281950332,344783.97020209,398333.284784388,26771.861599472,51143.096031571,11854.7199386,0.0,0.0,750059325.640245,8930.30622610567,61700850.0512287,0.0,206167157.39759701,216687034.228368,0.0,8569842.0491895,0.0,64189490.7886541,38041.345304346,2193.234234795,0.0,176046.351876784,52050.72805458,0.0,290999.78091385,227380.79728557,83069.84121184,47341.35729056,70117.55857213,70987.93127018,386481.69089258,422027.333801996,53483.7154806534,289733.326830412,1521755.40696295,870775.724141911,215531.14200135,190991.13657888,139428.4589187,267198.467959462,566967.88689348,166069.373331872,0.0,8303594.0,0.0,66202.42325286,188659.9562255,0.0,1072950.29336351,0.0,42382.6527230307,333078.30871244,777644.83223688,2421877.84845504,1368665.60753259,1489308.73621608,0.0,743258.8797415,0.0,16266.66651054,0.0,369948.52116047,334701.077908985,29791234.7920417,0.0,0.0,0.0,0.0,766936414.258862,378886.595813839,170192.576060746,152802.365974925,80899.63505472,218294.071629302,109624.24299188,205852.13872608,127323.87187978,2770.44988,331026.00421215,6182105.90447773,0.0,135622458.520157,2476023.06213363,2718.547324164,0.0,516291231.739988,255452217.196286,591128891.186285,0.0,0.0,88723.286456352,70872.097784519,0.0,540673.073936548,110114.840070009,1394917.56189117,273354.184390791,6764.2204708651,274339.17855737,9469.90934642175,8199810.85644425,384900.2602351,117687.12254898,147161.96647197,0.0,107027.20568208,66054.53456105,806930.28111898,0.0,46674.93085673,0.0,0.0,8246.01755441,243429.66988076,176977.249199255,366771.074370552,223875.58783525,300390.88027984,303226.948164686,175672.22963248,0.0,33457.03256202,96885.55363242,283352.224616904,40003.09923128,40933.57033542,221108.66526384,29539.02017788,29539.02017788,254294.0511452,530058.256437012,5973.83397739,35013.77136649,0.0,64260.102316842,238597.77019333,93902.493015643,33890.62405995,24418.30796944,146823.334230307,64228.00592408,31680.63503591,0.0,49780.12734999,287071.477778928,6563.0,1154139.98380303,395268.872248569,60421.14506518,0.0,108143.72792634,135965.26849778,96562.14217634,206534.0314388,542429.89166972
ex_pvhg_wt_lag_1a,217856.794884152,0.0,77756.009806916,29386817.2394229,27829714.4836733,1670383.57551645,28210583.8474405,20009658.0480288,385865755.840443,263713744.54775432,0.0,121289.414590479,1437962.88365322,2392587.28903231,0.0,0.0,1204971.00461136,0.0,225567.0,67226.24923415,4780474.72203333,918849.61463873,33062.6539343,28149.9209914764,572489.37401343,286875.081025056,1438133.4469882,52574.457543992,133932.874814288,0.0,371946289.652145,92252.37799716,0.0,26153.53891944,0.0,2223429.76548279,131400.82785324,265510.05527098,1537006.37081478,96857.0,76760.0,36490.36429155,88811.198134211,8038.57178125,224313.69390751,901376.3608326,0.0,842931.95888527,214158.90201125,0.0,66491.533058009,1869533.39477085,0.0,1319934.0,198925.150393811,459502.24426714,6114111.07194648,143672.56846317,31974.80533231,49017.73132901,48625575.0334754,422232.32777503,58355.8288039234,1437624.6036308,20981.27974856,0.0,610368.70702768,1166158.78477253,656568.843156648,395717.974959326,674329.413941852,0.0,1951075.94837164,190662.84357852,249122.78944408,159530.751232898,331397.291244566,89982.7306990157,177733.11134413,220108.655739925,149982.68092973,77096.4325556378,84169.588772038,194752.02985085,16495.1049003,504990.94103999,193898.288564684,111279.9749352,1026906.95113324,0.0,820892.496426618,615556.23599422,214916.66848269,650053.3342976,966754.67772457,158251.2426034,73265.99822559,0.0,0.0,0.0,582124118.5276,93990.08796161,315304826.442146,0.0,584706736.166118,358026077.02391,0.0,0.0,0.0,39227147.0882148,50659.10296085,5908.32127753043,0.0,102808.859838358,12444.097655835,0.0,277705.73723543,80058.784411248,267244.678237267,99387.99869499,160511.9445836,30481.09446525,38825.09446525,104511.02776842,49683.72175917,159800.0,934981.7242416,1575831.933235,367033.52177125,552928.29565968,308800.0402496,102887.74903348,393282.235705498,80709.625423008,47926.75674728,272260.80522442,0.0,89447.5464789,121090.0,0.0,1049899.53944337,0.0,0.0,227007.56774786,112896.022534814,1889359.98204383,1710460.72410876,293735.053593239,0.0,868561.547954207,93591.7451683681,12010339.1220691,12010339.1220691,0.0,3321027.29151127,11777828.0,0.0,155098841.852652,0.0,0.0,701913698.992688,92373.550290261,409877.821834952,93305.81179655,66324.35199032,259450.00568392,252647.38711383,32165.21367388,182656.72110942,0.0,126205.90538655,3815146.40352497,0.0,1254935.92937496,166024.131305588,26715.98770916,1313774.93264814,523535299.863991,127530.892190046,0.0,0.0,46329047.1871288,67124.405823,82031.457463575,0.0,340622.0,190940.821633752,1531377.5877812,134675.58552446,4664.233687156,72287.17495056,13964.4247398095,5349558.46648423,392875.79465154,297828.715499668,118590.39951886,0.0,14940.14394044,77168.24882718,1303384.21614334,0.0,49054.47380395,0.0,0.0,55937.53489527,174444.64664027,132321.923309108,355469.880674023,23948.73462,193112.40518831,148827.243565769,197244.1432451,0.0,11794.18326021,53641.0,304822.854095678,40395.99495829,22563.81473141,90011.3466014,57792.94460896,57792.94460896,145483.41945471,518921.031284571,0.0,39998.67562891,0.0,15999.98243556,140306.53115182,41830.800318,33124.97662926,0.0,94839.208072043,43323.94111812,9574.76558514,0.0,75108.61926156,290833.5515396,450.98229312,1032882.22592064,319423.604956778,21711.98162729,0.0,63413.64784996,81666.36782628,99329.98074129,254156.570593286,387699.29912116
ex_pvhg_wt_lag_2a,440612.490643546,0.0,0.0,37675217.0785666,33941983.5789376,1329853.22654469,190136767.503987,13240313.7201629,458072415.248522,1018031663.1313448,0.0,299246.99312768,458314.72068106,3260801.77676876,0.0,0.0,1192505.28386627,0.0,170700.0,116999.65528646999,4044932.76281962,376078.8023474,85053.00915155,30941.309393192,889204.643546288,451468.716390944,1367149.67635179,87697.326260849,106148.163116623,0.0,475432443.712657,65806.43029011,0.0,32859.764837616,0.0,308421.90963408,142281.56360709,943280.744649592,1765106.82251532,105289.96849,181653.090516879,0.0,111504.126855624,45717.323125,262246.931896758,1028911.36889612,0.0,166168.12159314,238009.31565608,0.0,64092.1048663145,1626461.8282824699,0.0,308421.90963408,128821.0,514906.91078036,9051103.03386115,9340.46055333,0.0,0.0,34106707.7885357,304869.64674532,88394.163785287,1579192.96800738,198956.0058132,0.0,681212.94317529,1419917.10127732,1223564.0055821,390657.50342882,63438.628620385,0.0,1736073.25472899,166741.0,146282.27887587,97987.70180877,291676.55420802,107753.7125035,726673.241576624,160491.546853841,141122.95065325,36711.15071144,193583.47420575,225931.90883633,355137.47184876,499938.46829808,80972.08659407,88120.33279494,742531.54082299,0.0,90870.688789776,554014.92635807,292051.37663717,56496.44670706,861439.85582073,164570.18456274,41063.023830852,0.0,0.0,0.0,462920964.035227,125281.505881836,220190285.154413,0.0,852914764.556295,68491915.7427374,235742192.150899,0.0,0.0,31016051.8628486,76949.15619088,1973.23967468324,0.0,3586555.55500312,26530.01754298,0.0,291230.43519462,398324.869853658,130014.859443328,27382.45978125,172797.44248689,32102.1292215854,48170.7816249289,605362.23155708,184506.06648564,122410.35760087,1468631.72476772,3583189.6968206,450203.36363388,589719.16908477,324288.091991068,130308.041212706,434193.232700902,0.0,160764.85235298,4609264.27888188,0.0,115405.95961683,66632.38992895,0.0,600352.40405988,600352.40405988,23044.0,331951.47962349,217854.95818447,3061803.36990031,2299244.99640767,131977.1931546,0.0,1360177.46627835,72397.0345893431,9749928.32499651,9749928.32499651,55742.0,1309.83839622,8804171.62817445,0.0,16084042.6009636,0.0,155154743.66601,914822147.171845,198245.777092608,215394.002960397,211762.15498671,89174.44706794,166378.24853524,158530.235969,173337.34280404,116161.93877184,0.0,345634.60329511,3947325.71904113,0.0,18236150.8994904,5875307.76072683,0.0,0.0,589458570.361773,324267517.672465,730520957.255202,0.0,0.0,324334320.827334,16153.3322753334,0.0,98538.94490842,89860.3653778873,2006747.87189995,135081.56705534,9055.9619528069,232145.6153269,14172.161014825,7784284.47107746,615816.48230561,451517.121498306,508868.74237775,0.0,265.247251965,7077.273270455,1715117.28603072,0.0,194191.8711276,98937.307297585,0.0,41369.08257144,168807.54299142,137205.881611374,462795.570686404,374340.94807816,96024.238877964,425576.717590103,289180.304878501,0.0,15222.7809115,81702.07859926,367080.140284327,191100.73421934,30008.39734102,153151.98185121,129001.71198726,129001.71198726,355834.97904602,536004.067292706,25335.96176432,140299.53972727,0.0,21803.35968881,195485.55906382,75374.5853752,33145.112867611,10717.0,120144.225319028,52954.0568625,10803.78875961,0.0,75720.85579822,321550.653827866,0.0,1265773.00395697,406217.557578803,78605.13811776,0.0,65792.9239075,143374.79565131,127411.46099977,114451.808466549,699554.91135676
ex_pvhg_wt_lag_3a,225972.68806637,0.0,9606.092569115,22397466.9079365,21046096.2459218,914152.02082294,60252858.3099127,31083601.9207164,160105203.54111,550851186.0700505,0.0,487061.10896434,537287.267831806,1514237.7624169,38931.882841531,0.0,230494.214398886,0.0,185521.367019,104349.7493329098,704067.551996928,90948.41247274,30887.2778805611,21393.0,617058.317653979,326946.066956443,1049560.46593047,39590.967493111,46433.571889704,0.0,205134781.632832,73254.2098478,0.0,18857.457269266,0.0,171514.363155083,34054.13635394,248724.67455292,164282.91745224,51142.67941971,53782.51705376,0.0,111402.984909787,53153.7716847072,162710.218607851,766339.303360153,0.0,99282.0,87098.591825192,2905.8783334341,58642.036834215,1732999.46857127,2913.7967731152,130463.92303198,751224.10964751,470830.79297406,3292611.29896442,43912.086089434,16576.65575679,23777.2449302,17842558.1127967,476041.785306781,1700347.02521878,1294029.95514503,35315.904203594,0.0,218222.75019466,1198935.44638915,473341.095602109,1053013.03011668,325573.817686672,0.0,1736592.8775245,122767.40152533,177770.76689688,37855.183971808,325990.377688641,46904.0,880031.0,310097.0,103190.06353127,22320.948421777,109080.0,75892.0,316365.80981204,1332196.07158812,75310.112946242,276258.187267812,554204.164924732,0.0,739629.737686645,829349.40821758,690658.887696408,261961.363789838,1086433.81700782,397338.121079445,12793.73300718,0.0,0.0,0.0,616023165.608683,29617.37654398,18288989.3916146,0.0,458904009.50066,52214816.2983935,0.0,102844903.351099,5705197.19366223,23612113.7162848,17937.854514281,284528.732194582,148776.744268762,22461.643369342,8208.3263154284,219386.56033619,108186.68657062,202897.9088299,82552.59674282,57518.502063198,116638.86454914,68375.914598998,90043.7180826,387693.9687205,108284.868910107,162071.7624625,801980.711399156,278855.998498056,48249.002734036,200837.0,151323.0,113731.952317658,136902.88263055,22259.8015762,245572.615286733,257268.0,0.0,59368.90374301,65797.34168486,0.0,537604.59362004,388805.36095964,21138.472257776,187646.82629436,113685.564495152,1305979.33987313,731588.83664238,533498.22079065,87510.670826804,301669.622012563,8632.111951805,39348.34202886,41799.899142666,0.0,657141.981537011,38391147.0,0.0,0.0,3176897.92257626,0.0,467819448.758128,333494.88664898,167848.540537305,11867.21243317,66686.777627125,165041.439297915,36680.14344022,81926.925592704,67878.370311187,5465.42140495,223615.53831006,5595.516968672,28115.98012632,27062928.7860483,3467034.08916889,15926.0571972491,0.0,93910641.2721519,195342737.052318,496502484.559639,0.0,0.0,79729.48102952,151307.581638779,4102.1143749992,327930.781456496,137769.645545265,1078805.788536,78624.171241725,4200.33432889575,140203.8485462,116360.361208869,3197555.33445679,30985.49628324,44720.738167568,102835.80864963,70981.30117791,62179.0,114981.19530504,809034.90604432,1017.5331567808,252476.22560594,107932.147110114,0.0,20844.0,14017.36630882,97562.179569691,314080.201949329,64325.270115032,450342.76648603,242716.837832777,164837.759967425,5582.0771743716,626.4722068,10045.0,181270.722742981,233143.732175391,23254.96631349,147133.214025032,8168.64801692,6215.41450467,233689.11278463,350078.18461513,18249.85393078,211566.63982139,210608.20403704,11188.84272632,126418.87180247,48836.8245852556,16814.684629724,10932.0984696,76799.940366758,35055.56993117,116179.407546596,0.0,58748.932432539,157925.008133574,2962.4075465958,748110.127077198,258853.342645171,68105.38449718,2624.92694405,43185.85363972,149120.34228102,69382.21611973,92799.8585144747,588520.4314539
ex_pvhg_pvhg6_early_stat_1,3751384.722159,116640.0598108,893025.8085672,342347.87582075,613818.408735566,302246.73568039,362442.966266724,3427131.55662938,0.0,3406158.4889050974,0.0,298955.66499625,691011.854314912,18140390.2502453,991946.319927608,0.0,269330.559278275,0.0,174234.89905042,115332.88119134,419001.452918258,66104.58610228,60353.244381669996,1291096.25791615,909062.809390174,518298.311130555,3129630.98314953,11392.325254425,130936.695014091,17457.350472,0.0,132924.168256046,175888.86383125,445526.01640126,348323.92355127,1127229.0,553531.077342771,589418.257848101,219597.0,122202.86482733,324593.0,0.0,312308.070566369,17005.22650295,518020.800381407,1060505.60159226,0.0,331556.0,372509.08483945,50669.638755103,33560.95954578,1740409.90026694,49059.807194882,263911.37956408,989819.67022698,535615.43831973,156937.613954592,89319.53125394,41928.07860569,51121.43422575,29933075.8152015,215458.320313826,30800.40678212,1529910.41228189,274460.08468185,0.0,124415.47661056,1344388.41446886,892574.785209444,810878.182805693,514704.63958299,0.0,1640602.67041033,339509.3219899,377019.28821761,54435.74020577,346500.22636422,728406.256706628,1752687.60479895,463382.56533733,96215.66265043,43596.3779713556,463382.56533733,1526081.44714937,338236.47073916,652725.419518,373451.976118131,3684366.11215209,3792064.73929133,0.0,752272.328842652,9489269.61479617,7512748.1708778,0.0,8772920.68668374,91712.130584987,30119.3114157,0.0,0.0,0.0,575765063.016084,568710.156476262,150850745.588773,0.0,385342633.926387,137430347.808918,0.0,0.0,0.0,75859114.7267402,18761.3814061128,60219.946313232,0.0,10324.310229936,3264.8968672434,0.0,326888.8694191,249381.45561992,262736.0,163527.0,118893.7746512,332049.33939723,173950.123045371,2965250.13016628,223682.227345952,341785.015767894,782503.785478774,823198.794788677,406961.84602575,447501.63863142,60730.7971386834,504762.651156968,892369.763235357,1212644.89563216,28483.7750571328,939454.24825856,348568.07003056,61106.86849836,462163.642250959,0.0,414375.0,413867.610938254,314033.257869435,205059.390171723,282720.99623738,7664658.08238469,8032002.3960874,167565.00741859,0.0,595958.991061712,313419.576756376,609026.073726588,579946.411393257,0.0,38153.5583870193,901462.813157535,0.0,0.0,0.0,0.0,16767.245924416,92990.797605174,178747.06291212,65768.0,6733.491280971,398687.204842871,117906.26312729,396630.52260715,16481.75060122,854692.771381397,155744.27777386,60456.49678643,0.0,617076.024785714,91882.1885374374,139289.308173055,0.0,7392.1432994,1116986.9606719,0.0,0.0,0.0,296252.74266938,127471.15586346,154027.29543279,66596.774996048,7964.5648596492,0.0,1995897.69773327,18272.144971916,2775694.1339343,169608.004733036,152088.682270896,0.0,318530.604185559,281056.650414371,0.0,138011.241549566,96821.11670607,856529.81301735,594566.191136704,130562.9463616,0.0,0.0,93369.671866,231139.86743536,104772.32946824,361018.42716975,143274.951994155,640877.148650054,219473.117587105,259081.726604033,78499.27252329,30471.3628353,0.0,16056.69841842,163575.31636352,32277.1015914,157876.09931507,100214.15723295,100214.15723295,273757.27137443,0.0,19066.79515692,33025.42058986,0.0,38218.41791638,197547.47161721,71731.89301497,245863.491588443,15636.52958864,217453.960958852,39021.16769909,282384.18823616,0.0,0.0,229901.436699,60739.47042766,807474.232268184,331830.936735526,141070.76922106,155382.38368862,25169.08666589,123427.33847556,96237.26707322,180069.375849878,557620.51126151
ex_pvhg_pvhg6_early_stat_2,5385037.83437172,208675.24826458,1115131.7804773,48105051.0341173,43489209.8803134,371420.118746433,443878.030396095,4160469.40345087,860866.16349307,55970235.98612188,0.0,374750.60143632,1159722.51316181,20069525.6027624,1482971.23442572,0.0,225775.031592808,0.0,88700.10419838,179249.26687428,485484.58189978,66234.77243059,75850.532165485,1512105.8155285,655072.402039344,427059.643386647,3508249.36545784,296220.63129025,418030.121097048,0.0,138306.878358499,206261.7161609,239030.88733966,267183.930170664,425943.24399037,1280490.70601162,1390770.28831694,507450.322997526,130296.36008646,161324.49431225,392429.425377,737598.99162867,185384.38772448,817570.886087644,451783.16799432,1086082.42326628,644967.762337368,480492.139191,381555.42611632,76963.567442648,15075.08957765,1437852.8790076,80246.033405298,299631.23380659,1197272.55076025,422448.54249622,1177465.87891239,205872.8298986,72781.44646502,100037.83409048,32123500.0773648,239549.551683612,2764631.99020086,1685300.38743942,104055.55295353,0.0,317271.22503084,1040967.50790257,709661.21530172,866882.592616763,411210.172308411,0.0,1824464.17913974,330599.41665206,366694.91635158,77348.7407704,301331.235499194,931149.027803975,1164158.41543074,553776.78483981,107554.90370619,104681.673096096,549634.14748494,1547978.98843458,181271.41890246,1384960.31830235,284220.807730821,3777651.8148734,4010998.0,0.0,609608.584817136,10034494.4980899,9428578.67271116,0.0,10988054.2050512,371875.58073604,55713.73393808,0.0,1085295.11474927,0.0,796308571.171436,232970.781849744,77570408.8353525,0.0,795936230.243507,149296824.970436,0.0,0.0,0.0,7421.019637616,14406.426655686,58416.42073189,0.0,3576.79045725,0.0,0.0,315207.19719074,79494.97471862,263222.1867029,202235.0,113549.03885184,211700.87183107,158409.94634851,4125891.01650414,274125.130796628,320321.804891585,711599.63824515,878355.30494959,187356.76757589,646269.528003732,149883.583664068,704634.09229537,1224651.34602088,1508765.53390492,0.0,548910.0,956138.59452522,0.0,1105770.0291131,0.0,729403.4266986,0.0,42383.404611796,187929.8132826,2873084.97252842,9252896.94983951,6826547.310323,97706.60498329,0.0,518883.13435108,190651.61198747,487911.133429974,1174215.50510496,0.0,423553.166170123,2270610.24792589,0.0,0.0,0.0,0.0,247020.138120547,88912.245721782,222211.972103393,77709.1247714,0.0,717652.64147181,708634.57781064,596661.0,377171.08683926,961850.492378374,96640.892145376,101735.52004592,0.0,299377.60598407,109158.380415513,278295.948160069,0.0,16617.317452307,1207421.14654689,0.0,0.0,0.0,75263.79390118,223791.96910854,212108.91424971,18672.06153889,232495.135057762,0.0,630109.62407453,100735.02878522,3252344.12578782,86824.485492019,912750.375342668,0.0,433166.180240082,393631.210616731,0.0,300039.20610433,200668.98820685,17055041.0835119,53285.7195827,359252.590539455,0.0,62986.10719941,36700.70954994,249657.76009248,171927.08647833,480278.167286755,128460.810469997,102017.90009263,82409.18794271,57569.66551977,91149.31128828,86991.3127264,13935.0,0.0,246053.12854589,43798.89649154,304921.08520708,10057.40389213,33525.81069336,217421.23082244,27181.5625746,37829.2160557,46043.96437362,0.0,137200.558370274,298453.122767902,57187.801713543,317661.99938896,24130.05075762,201338.121890338,62610.61564618,153150.77116428,0.0,40088.74365057,365530.74513484,100254.90329948,1175535.74872667,374682.021218086,192123.08211268,232974.709114726,60482.01321451,130379.07880075,190513.65937216,339809.6476907,490952.26746142
ex_pvhg_pvhg6_early_stat_3,5120167.22364772,188556.87878609,1460568.38781675,259176.960512063,516289.37427808,311268.684701312,90029.0083488191,777601.72440849,90162.66229098,926543.607503861,0.0,382869.6411912,1253427.85876365,27624009.9497364,1427730.55884891,0.0,339125.426914572,0.0,223080.90227978,94036.50424188,701873.579998779,11015.19084158,68267.7443436,1766566.47827778,630099.45420958,370761.014100616,4877318.0779507,64379.8162462,265000.006764711,0.0,29238.003198415,233145.938665508,151886.4841855,293938.644624245,421341.60445338,998177.4540024,1272276.36551082,748009.735559071,197512.32798099,467694.929956501,353292.435121648,312996.36360459,322703.067875017,430018.99024868,640679.081600886,1580775.06637734,829063.739270018,419074.683494344,491030.77601862,56606.468401572,23936.42519779,1585248.49702604,80041.476035452,400255.56724258,1348488.58842994,474131.48945955,264255.42087841,117553.568042955,64796.75883061,93194.93368779,33751996.9886494,263031.874979956,72388.16639229,1718804.62266561,139938.09886952,0.0,252181.08340687,1288969.99561439,771479.085088899,845898.229872122,539123.823702582,0.0,1649258.04005387,487521.388770922,432428.75657203,66770.0,327899.98031886,627510.600142366,2417365.81544674,788436.78769572,19548.56520225,155171.242033255,307256.54144568,1950420.71278646,235267.36188792,1127413.0,87233.1754611,4693922.31861905,1176687.24722538,0.0,971683.251241036,12637826.1479203,10079792.0844138,0.0,12192154.9719567,93084.631775244,31750.1755457,0.0,0.0,0.0,680078474.746652,538253.50966559,33890872.2238494,134516243.985101,144201310.534234,121653110.875009,0.0,0.0,0.0,75993453.0017457,22028.199237859,167405.720270768,0.0,40427.40490928,0.0,0.0,340095.12008376,63682.9478459,335400.6792643,164051.0,190982.50951697,214997.78221432,142295.33798467,3976920.2471549,266061.878332327,322514.0,430594.81961148,431214.212641558,494784.76744386,511810.279498432,94930.1092183714,659324.793863711,1259310.63232616,1888641.64496752,95793.54724144,683647.0,0.0,0.0,1723601.36518392,0.0,192591.880868965,551423.6435942,439479.686842295,145546.644652297,259222.28175479,7761362.36003209,8097091.92993917,132564.31699631,0.0,428474.346708815,273780.135369384,866006.862123774,676397.407458776,0.0,8732.399345512,921164.987644734,0.0,0.0,0.0,0.0,38211.4626550125,232016.164593442,221776.892611623,39796.19264148,0.0,712153.801667857,148278.90787464,8704.2577898,468445.0,1208801.72555596,83585.99635182,82451.78459756,0.0,244929.104446668,14992.3050724278,244815.730643843,0.0,5155.015731372,1784203.47842535,0.0,0.0,0.0,85206.4892367,171532.086366268,220139.28903656,86658.9634515,7113.429340803,0.0,3041658.42925379,115235.29454637,4297901.39685066,109067.150135006,214248.08913402,0.0,469068.143091349,415452.155906654,0.0,161594.72978869,140169.308385294,5426849.98538143,330656.873854332,74684.67097077,0.0,0.0,79069.8439209,229084.1199777,115908.347495527,467367.68526479,246994.90272619,201266.08513044,201185.333068052,355173.970232186,72964.91489352,13647.8408526,0.0,0.0,208681.95209073,38398.02158073,131536.1606834,72520.8282442,72520.8282442,183620.15830804,22849.22343102,18897.33081117,215918.63861721,0.0,50492.992811054,183189.76993614,52467.399555584,297800.90888062,25554.59948647,212407.149480379,56762.53537284,108830.57213913,0.0,26595.34956758,39802.22680738,58286.782620402,1067376.02602378,400914.898186038,185301.95467492,365887.47591443,33635.38769708,65788.33141761,156896.77606782,348817.427829637,294162.06466582
ex_pvhg_wt_early_stat_1a,0.0,0.0,0.0,370473.648033726,402683.2551376,194765.648126442,222894.770786978,2127586.380418,0.0,1668904.9068538619,0.0,253867.73527071,929909.090624924,431149.06757342,0.0,0.0,33659.8484164041,0.0,4891.163841920001,102603.40798648,4743.97226812,45598.27540625,52546.19206129,19600.571116718,708924.387004535,344689.158787147,151678.194682057,11210.6505163,70410.384139674,0.0,8917.866442238,308705.019893982,134266.9410466,4811.249327328,0.0,0.0,31859.7737811,311371.10311163,145358.77273829,194562.270602913,191590.631698865,0.0,303161.74130302,19622.72388083,185936.56789113,117927.93553575,0.0,285694.416423858,184780.02605376,6068.00115744,15299.761633,1729660.09423769,37103.340302784,0.0,901904.282561586,530594.90645292,10306.0,37530.252,74925.5370342,17345.37179001,24661083.6802563,569794.581222437,49844.53838778,1431480.98815875,220679.845818108,0.0,187818.85620967,1250141.07475974,545920.38039196,469275.07889332,74347.759210241,0.0,1453952.27651874,249789.27217452,197062.96196826,55914.77064778,351564.979782952,25805.6541564612,277449.063767121,528686.56775365,85289.66831442,26459.5558542818,583642.846430154,12793.5205125,211113.82170931,1554145.0,349141.84912533,11698.5415166346,1407511.57610534,0.0,841589.545868354,567180.613159518,17847.983959488,0.0,624983.1217672,65372.19227838,20215.88822232,0.0,0.0,0.0,775127382.66826,471470.43296517,220797467.657517,0.0,775127382.66826,211120614.649074,0.0,0.0,0.0,42505489.5201861,17843.484306135,73701.791282787,0.0,14805.9326004,0.0,0.0,279365.92302388,0.0,168430.8749152,100556.0,67874.8749152,225495.78321204,108361.24774302,76162.72675567,29151.2878024,138224.22424917,641738.09674369,705106.999388068,262604.53477373,322606.84181062,100391.663506506,175083.7911644,176041.57982766,0.0,41851.1762979,415584.0,203635.78721194,43562.47468476,103986.42975281,146167.39409799,299285.91890734,0.0,49306.98393466,290057.48192019,168627.40980585,237179.04853651,335531.85297486,178497.38858094,0.0,86826.9769128,6305.18706906,128145.60191146,109803.88658193,0.0,30826.272494916,44003.4237413,0.0,0.0,0.0,0.0,22104.3281396175,76000.760005446,166758.85545306,0.0,14280.72901473,430590.57762386,299346.324840606,156421.0,103729.0,981780.749698079,159147.04356097,22191.844566072,235324.765569752,225480.31699045,53381.3986885808,111569.256106884,47325.3996411,0.0,1279375.08939373,0.0,0.0,0.0,272970.7099343,262222.726181548,66621.06558899,14446.532069904,0.0,0.0,103042.63637183,310.30416599,39539.53673548,117788.530855306,2954.33035578,0.0,108420.09488676,108420.09488676,0.0,78160.08692198,71697.38043722,77625.27261152,516710.95069523,135567.23902099,0.0,0.0,37523.80359726,145741.17004542,80684.31842346,444812.53442115,168688.0,395038.836961699,143756.679990338,116167.859446095,42698.97014578,0.0,0.0,0.0,34394.08103234,27693.04352627,147813.03921132,91647.14734273,91647.14734273,184294.94877085,0.0,26344.77509125,82272.92935538,0.0,125675.939869215,94754.41891956,33246.67480638,209484.156877169,10114.9002333,128478.639224871,33059.797764,205470.00852667,0.0,0.0,199428.84747891,161975.713404226,909873.623919854,287694.675176174,71351.79649263,132265.10881671,34320.71562994,93160.106362,140629.19834311,203864.068302487,495253.97040631
ex_pvhg_wt_early_stat_2a,7127.4653107056,0.0,523.23089694,312900.681962649,346004.478072248,281891.90317585,426794.139776591,3985032.20179082,11760.944598387,4478941.7040399965,0.0,302554.52422888,711706.868699976,89984.8933711,0.0,0.0,21236.4379694412,0.0,59161.935011016,91124.80286584,5420.15857152,76619.82764462,56055.935251920004,47418.6200623225,719997.99030833,289620.181208582,139007.530658035,24651.721952986,352823.52958579,98693.65831761,0.0,213636.397295332,64948.311744759994,8598.991110357,0.0,108636.14594174,761292.545341053,361032.005949171,173033.211712388,213384.2319775,44457.21259354,0.0,338553.56358885,82780.37210815,244961.246011574,596761.37758156,141182.798204376,159391.09061718,136895.48283344,18324.200397429,0.0,1835251.39700502,49086.823981198,78786.64636724,1082984.40561688,469922.37306485,0.0,181372.667605628,13880.21751027,31756.69838055,25618472.8566362,180876.21883259,26099.3074476,1493417.58401202,0.0,0.0,418841.4744447,1191869.71706641,921622.881999334,928838.765808306,335398.69253204,0.0,1811200.73449965,159761.80599344,166786.87394597,64995.73157373,373617.492344466,40326.36486516,218525.11446766,640031.39139603,202969.153819005,43133.5158839184,90871.530535949,58760.0,251211.08866702,1087705.018839,49290.71569334,11533.23875679,1182722.30026125,0.0,732002.288996156,657863.090785584,162482.3759456,0.0,568984.55601821,67007.15466356,28055.1790974,0.0,580858.520392701,0.0,763215501.444964,228916.18759485,181267741.391738,128214763.656546,763215501.444964,197173585.959213,0.0,0.0,0.0,28143765.7987509,3684.9608308863,114702.692641288,0.0,8090.97695032,0.0,0.0,335793.5743926,140636.90012005,108204.38504843,100570.0,88069.70744932,107604.4333244,67351.8709325,135246.2245054,48546.86874908,216139.338105416,1017340.07735865,1109838.78360541,516617.71996053,292862.90942522,98013.8398488,155719.7169913,155719.7169913,581.08455668,70278.847070909,210047.61606088,271304.66627584,48165.35206046,64681.93897696,0.0,113228.62696392,0.0,80972.73233587,280891.63309574,122778.35552737,189356.73979725,50508.99717334,258199.07230804,0.0,167615.1851759,3733.292758224,80860.850714811,157068.501879588,0.0,40241.0585118034,151353.554433176,0.0,0.0,0.0,0.0,9941.017465647,117443.983033027,111396.806342174,7986.76414444,8476.666592373,304056.959585074,353503.587748595,339373.595885474,194623.60526221,1290875.12940288,142944.86872631,26754.069304344,230821.108390214,426246.22811962,119650.086977106,117655.96202305,0.0,0.0,1556527.24661618,0.0,0.0,0.0,229894.81621549,132799.909020124,67080.63574647,49303.65250509,0.0,0.0,229548.53635509,0.0,276084.93863789,159168.743993872,0.0,0.0,45198.215662663,162035.215154442,0.0,80820.60948608,53027.39780976,242345.83763817,1193609.64864334,127235.71637782,0.0,0.0,73915.0,122430.96531814,91665.4985012,415383.002952738,211660.3682908,174337.089087716,210882.490165683,177882.450776855,63168.31543639,0.0,0.0,0.0,46825.32610466,14965.02533584,123705.25332726,73776.61373492,73776.61373492,203754.90793001,0.0,15522.3036134,85935.48712025,0.0,14323.139942616,126162.7396945,46955.01865846,266538.521465742,0.0,136079.033341315,46392.20134434,138562.77009495,0.0,9888.6617064,217158.587037352,53695.42453479,1016006.12557067,377081.191909252,58545.53359494,87496.43723826,33751.56684624,185127.48835772,180982.3349243,136308.669786622,673851.20178992
ex_pvhg_wt_early_stat_3a,0.0,0.0,0.0,88141.375781772,391470.017535494,237199.774480667,102892.576495248,940355.40755225,8518.9326559117,1449509.820445422,0.0,284160.8451129,1365106.43625979,336446.42145003,0.0,0.0,39232.0994864832,0.0,15826.10732672,62317.2639759,8535.06624405,70708.7807249,31866.95962388,3856.8506883856,634819.57153581,316058.58954332,164885.062096656,23351.70528808,367961.471784045,0.0,8061.933906295,47354.2192797994,70425.23802699,0.0,0.0,9671.21721962,163697.11653936,352603.821278494,192594.0,18906.739852684,209343.170963168,0.0,261765.56781696,10213.86137058,197605.596814624,391247.59629369,0.0,113856.671122365,93659.63654936,17057.38585815,7799.0,1890825.25038467,33450.045032379,13716.3751296,1173445.46836681,607512.14111325,0.0,7458.0,36624.4984681,132186.26488213,24631849.4121773,197613.514849982,38872.8183242,1436916.9468275,149864.14234713,0.0,309450.41217462,1276761.60607824,836220.33120065,906504.9016163,119393.421196416,0.0,1646494.81600528,268885.00629418,241239.06649859,103677.99291219,376305.926578472,211617.810679097,371085.066584736,172650.397959876,113490.615504746,47240.3839403807,1570569.67027573,20083.42197797,163060.8496176,200568.56443638,308003.49898237,6813.6016748492,1661552.40981719,0.0,1180668.04721989,730678.301570605,137890.036262689,0.0,416753.51467628,66441.57407876,16595.89461102,0.0,0.0,0.0,800245416.809376,6662351.20644949,140058627.995967,0.0,263712690.051735,239701742.420997,0.0,0.0,0.0,37705924.701644,17458.47563554,83052.063184805,0.0,81313.6329955,0.0,0.0,352308.4393649,44017.85863494,63733.88989069,61117.42838471,116071.71500493,51172.24919891,33424.21588256,90190.01353756,32315.0,144532.0,654435.0843111,736882.907432047,429599.67697665,274992.99725007,153750.129060072,2718.85229782,15041.096185046,0.0,37879.37526826,86422.738525584,0.0,30579.17352012,77665.53136505,0.0,128489.47288221,1769.455232298,37684.7191876,243721.17424954,117835.619399699,385398.8190873,134268.07373819,168472.13079383,0.0,160427.95695623,20629.63926296,124685.22920972,110372.62636063,0.0,22092.406947679,40980.933905214,0.0,0.0,0.0,0.0,22660.4966492648,77634.252646304,142674.18476804,6429.036406396,14237.959658254,248558.9235074,174414.32013721,164043.76112156,135449.84081171,1416089.21428419,139379.1675657,37062.434008636,0.0,232123.10817905,19229.3250209934,121720.819242454,0.0,24328.092203844,1138981.9263177,0.0,0.0,0.0,255093.21676935,165907.666300834,68197.180543192,101228.946014671,3041.09452296,0.0,308965.06764025,0.0,468062.63769024,109190.45522961,0.0,0.0,124467.819252,188964.0,0.0,61403.45796667,31295.62775158,62489.40976422,1048548.95684123,421284.745149894,0.0,0.0,57063.60012485,164876.34265721,16852.97781618,313402.680065825,162666.0,398923.221896796,148387.982525297,126381.596831469,43268.42031834,0.0,0.0,0.0,47226.8364888,15973.01501278,90503.56646811,58153.20336072,58153.20336072,142865.67060104,475.71519648,22278.38286799,92809.94195067,0.0,119632.120295992,357450.27148545,22489.36865904,193024.198780147,7964.0,115343.191478961,26296.54461695,122554.52591876,0.0,17613.0468582,209614.7817239,55477.46559309,885568.258053025,331032.337398217,31613.31717096,247873.141485982,23097.56107678,75876.20110284,158368.37345738,267390.567735955,310077.87585054
ex_pvhg_pvhg6_late_exp_1,3232702.49626277,49679.70664418,421959.670414899,109205398.759216,6816781.23128559,347031.723440435,42375495.681358,52955975.3065987,507995.396242321,384089194.171013,0.0,419821.52163207,695061.103517165,19753243.9285892,408137.96943084,42239.09979179,772278.26002792,84000.0681247,206930.63771337998,84692.40181134001,902190.745901963,15123.94733916,577657.458115823,715056.076908688,858058.861043674,480932.951303433,5496406.43822929,1070609.36413518,1381596.47282691,0.0,113621.600462712,174245.329725257,0.0,584156.918483948,0.0,2404181.84180856,244547.731990922,444913.737529332,260393.03495134,386083.90707424,338004.14596891,0.0,263193.996152685,90829.34371223,473890.908277655,1045811.65182779,0.0,555233.29444736,540175.70076725,131135.923528153,29987.0,1767162.71283784,45277.591998402,367823.22663112,973476.41477354,198301.4145667,10231859.8797681,26571.91249233,31688.50617001,52790.47787812,36834492.5565194,243326.937946288,3375255.3550136,1770908.33731375,143642.10493665,0.0,419902.3312657,1154795.2279584,726026.280585388,800363.62680058,161661.361261192,190098.25437344,1500793.83703844,320799.63996676,351219.47521322,58394.72527762,356037.30111788,429729.446609535,1448188.16402869,78175.0865399124,111015.33840314,24661.0367757408,743.99999682,15123.94733916,181001.46131373,486969.03489241,422000.741116077,2922701.7066129,2925821.47577674,0.0,562308.047752084,7373824.32914628,6460120.71932922,0.0,165074.4623493,70790.911518042,35515.82142576,0.0,76664.72027106,0.0,857743918.263956,11326547.7235309,258057584.251516,0.0,66481800.8903228,253874249.362415,0.0,0.0,0.0,36219806.4739911,39277.786235892,104016.97349249,0.0,30523.3505474,7207.1183778743,0.0,313006.05512821,376700.780379533,294325.19943639,132580.0,181202.30385713,253378.60576557,311609.89955945,2527200.57358308,213247.507086829,321346.01472596,1867063.59300905,2020780.46095192,82628.12079261,1503276.09487185,91990.5497808843,1463024.85633097,2341664.08481467,586014.498600378,37057.8444558298,2465396.24217804,0.0,52133.42104806,123244.944394754,563315.962293196,1334611.70316459,0.0,214654.91087652,131913.111771974,219978.24283202,13134500.9780843,14348195.0477103,116313.75771335,0.0,1968254.23931841,270654.329620476,247042.0,189471.726396826,0.0,405158.724667574,12696814.9737241,0.0,0.0,0.0,0.0,190827.202427462,96345.339277514,212554.425122561,88379.1362089133,4823.146499325,692387.81440205,540940.58063971,516133.02403236,403419.0,268070.885785005,292548.05329635,55695.17500776,0.0,47366913.0020586,888376.186810487,7533.58654482833,0.0,148136663.382289,58170.54186631,0.0,0.0,0.0,155549.456768775,112348.5935151,117635.21708028,4604739.3980858,146409.22570532,874312.592597085,1711597.3851578,110344.73692393,3855041.62391645,138288.807406403,8778133.43571111,0.0,417628.234225799,339091.852338469,0.0,130682.99197962,116895.86173599,10908668.5208226,3676.03893598128,52653.70986414,0.0,153287.8584744,90820.86259003,195968.55496972,143929.63899592,524714.100302022,234445.51647296,302917.72782112,327597.07127916,162427.385887538,91234.52038312,250505.83444494,106455.68480654,5517.063434424,42266.01517772,42829.6323168,97856.041091661,78382.76198246,147529.79460921,299062.83627114,88586.63692145,0.0,47173.76392438,0.0,286621.281207364,740740.28063604,187055.871143536,268494.081840395,13637.99035628,220821.458716745,46880.96121067,310474.80352173,106154.16511259,61515.98592455,269467.05164542,103910.45002189,827593.476131919,286562.439956158,66596.75489026,37561.19494008,63919.45034222,170945.40147195,103669.22049191,157124.467127211,543816.26091976
ex_pvhg_pvhg6_late_exp_2,4639368.10954517,0.0,649374.108261991,75292001.6931271,18733866.8356033,372030.94786009,81576031.6559012,150712782.488208,1143177.85647674,574051467.4378759,0.0,526679.34499188,1388864.52851961,33472334.1185749,2940048.18388906,46281.65112496,963420.273550249,0.0,252757.71234193002,97708.46409158001,1202294.83271496,911883.2967357,73762.01655574,760063.289222524,698453.725504832,493780.519754442,6526439.41175243,1418823.6497518,2224204.96620981,24527.0861164,83357.72515428,240376.90300966,0.0,662310.584787931,0.0,4538064.1372116,187647.306592145,841508.233931008,6657810.37948934,332723.15304804,370247.47970853,0.0,268691.17178101,49056.81653381,474651.681270105,1223240.797586,0.0,604569.67605114,1017415.11251604,145209.539275445,79568.92285466,1913443.74997093,67867.439422174,542113.05909684,414868.798244148,66.7149483,17899839.4360641,54694.67674718,98467.2263691,205299.86576392,47374537.0659089,280528.020944362,4158258.41801289,1999403.1314038,77828.25553008,0.0,677929.400858578,1074169.8122314,609795.81797992,553551.23377704,243209.1451636,342564.381968805,1321319.91849658,189649.2683001,220178.98893549,125842.65741249,356425.08412102,72374.77902492,483923.99754415,104652.565166047,185141.19056015,143163.0883933,78796.5150080494,507251.74226074,72278.60833841,72278.60833841,465974.7223302,3842018.40938886,3210021.97752616,9941272.67802453,0.0,10147445.1047758,8223958.08970924,0.0,1544841.45187276,82044.376463837,109449.179917625,0.0,3691422.35330229,0.0,1120101344.9641,92086.66616472,363105503.303601,0.0,1120101344.9641,368438715.23207,0.0,0.0,0.0,41469384.5891643,92190.3573864837,0.0,0.0,333619.026900492,107812.23245757,0.0,290835.73618537,132263.34024391,285513.13050818,79904.43808095,172934.51969546,246892.3395863,193739.6045155,3390843.24744363,227465.929797602,271132.443974692,2218177.02472456,2389714.50905109,819184.032746108,1756861.40029625,33050.981754857,1752762.48831311,4467177.13653831,1266237.43483304,12934.4754605027,128441.26238624,0.0,16203.17331792,336011.40555639,0.0,1508125.54468277,0.0,249033.43405544,96760.1910644461,6681978.51126281,15437662.0846324,16513809.4106529,146198.01204088,0.0,2097772.9720515,1253249.0450427,173046.7895943,215248.657134715,0.0,1655939.22579022,23242953.0165722,0.0,0.0,0.0,0.0,390535.611901071,111597.430520651,258344.796160298,289804.08626952,12173.714822368,385088.073845984,709623.5546084,697409.11115163,51494.70757248,406228.95400581,548445.28228846,136912.34858084,0.0,134927258.835505,5342044.29477053,219149.853031482,0.0,276511043.042549,357687.1513927,0.0,0.0,0.0,238454.77596648,168625.56776284,128892.90404228,11510008.0608614,821740.846982545,1564823.57325896,2022298.37076443,195404.93548603,5861206.94654052,98854.48130106,14564493.0859134,0.0,648758.789450666,386024.0,0.0,179347.662168177,192033.24959737,17048597.0762499,48380.0237985,57931.33335177,0.0,165970.4179984,118876.19637443,331438.43744599,193414.237593286,560270.45552738,261391.85691666,235287.10409988,174284.25300377,12134.111045052,57219.836137628,182550.5130908,27164.310515152,1620.16364352,360853.27965878,58494.59086295,139469.88507208,75793.10162312,100282.79068456,208736.43144623,212307.22260482,21487.26669402,56853.99820135,0.0,406154.839783823,955910.016210791,182313.390103829,370617.436524187,32616.35187714,292879.319283794,73054.99592876,308101.14320574,308101.14320574,0.0,298883.287841,213118.95305693,1246502.30066984,355094.518765874,136714.74051488,167027.081692206,169994.70095573,153179.8268593,171022.23629498,399379.340029004,773409.74577325
ex_pvhg_pvhg6_late_exp_3,4375332.83266302,103659.89438719,691918.180047406,68136129.1781884,11705302.9241387,335561.06154693,56961433.3786748,59631311.7886137,1034387.58047892,506313111.557655,0.0,496922.101033177,739734.894109561,42161288.6627141,3088757.1507784,78399.95579899,1049494.82003089,0.0,247738.92213537,126581.03189501999,1616437.80113763,55416.52082286,518695.071701734,912221.3998397,717832.20922328,420691.236690479,6945797.08557101,1363527.55666303,1797523.07208059,0.0,593324.201226144,180742.194697035,0.0,427216.658043067,541259.17247866,4039041.44579598,224156.218818312,613689.117619435,266722.306408236,640204.88605556,334552.93529298,490488.41253046,281976.764306608,112583.29063727,581555.151254326,1417948.48816492,2128462.01317902,423696.03304452,830839.09643609,148024.748972058,90143.400615563,1617662.34566144,62257.867690555,518812.63019247,1092020.52821998,552043.53950558,12675131.7378375,82365.1883648,123249.09011219,116531.28846923,37580127.0656154,248654.582528742,30438.2756241,1865192.87996677,12342.380850657,0.0,180418.23718975,1227991.76642744,577650.48030973,246871.3039023,233087.854813487,0.0,1379806.62044287,455916.856193,455916.856193,179954.28056624,327014.80805628,550578.922545986,452666.336633,76973.2340918404,106202.30105276,47532.9307888512,68696.1962377503,148600.51856909,149765.68110091,444843.75756866,413713.24652773,4248125.53606499,3535023.0318108,0.0,783733.145934515,10953416.7608203,8051122.12260331,0.0,10855265.2650812,29933.4167413542,39137.85647804,0.0,0.0,0.0,913408877.264943,5459358.27875797,273605698.645169,187343328.603092,913408877.264943,265579800.278064,0.0,0.0,0.0,38203053.9886681,33983.763664935,0.0,0.0,45812.901623594,0.0,0.0,339537.28261315,175483.22248212,324485.73795443,45418.46174871,184879.51808783,252159.468074,413388.40706172,3722495.85774074,218166.857740738,127536.807719208,1282960.40761691,1346664.02093314,279422.17858225,87400.260811559,97314.7263460381,1456085.10254103,4828266.93157554,638543.127989916,23639.4622436266,211839.27907801,0.0,60790.14349955,478253.590961979,1814007.97528649,1159037.0,0.0,338435.48559203,147723.485398397,158866.14067161,13933277.2433868,14845121.197186,106311.4985987,0.0,1341250.65002559,134714.305587371,167420.06193237,208206.624473981,0.0,2122523.8344808,28943998.6129046,0.0,0.0,0.0,0.0,346678.260561998,83469.74944458,221233.907815477,160852.0,0.0,860985.40509007,519700.78629531,544952.32586932,14743.645059,590546.762696668,626003.09924586,114890.85348878,0.0,54029451.316928,2019611.34866691,288500.236442923,0.0,201416672.281724,407407.906908759,0.0,0.0,0.0,196078.791619268,138406.5361419,185523.61598186,7150471.94250017,665718.650501802,1489446.87226892,2031188.74959416,170607.97691,4415797.10335092,88500.934226116,10309273.979984,0.0,576734.498574458,423844.520004764,0.0,246350.78753701,225215.74060665,12972264.4601106,40561.50756926,317978.319986924,0.0,705650.71045633,303552.96473997,306464.8871047,197319.91072325,529927.443112425,290887.6188228,200264.28305524,259895.023036176,163139.236580078,63847.96756918,254615.37399644,45431.257836408,0.0,329363.96191928,30637.9941906,243389.205303,62523.39254072,62523.39254072,199712.4782658,184626.052266216,27706.94867456,52475.57603854,0.0,385868.595044168,988008.36974569,188780.690304957,340395.774648582,71102.2040055,290906.42283039,75998.2096422,265190.0813128,265190.0813128,103954.22905692,407811.31258634,191947.38747446,1333780.68379499,447329.676286028,57890.66523874,218737.300572456,71522.692576874,117627.4505729,182484.8430008,365839.401676388,526605.10966098
ex_pvhg_wt_late_exp_1a,0.0,0.0,0.0,351451.421984208,368926.286342469,262885.034464166,295943.158452377,2813451.30867766,10059.39505818,4328389.739668167,0.0,351602.34280705,811785.356140799,248603.39636546,258.1715185,0.0,35407.7605648064,97296.694568,5463.9160984,80001.0,12445.65168784,70686.76134304,50321.52355581,465243.579225567,654430.847296738,298614.840998787,155103.815237232,23722.0,807261.033910811,0.0,6985.970493912,193528.715097494,0.0,0.0,0.0,29056.30140812,729795.686758622,432033.477565378,175004.10218247,234200.67281995,291650.9718104,0.0,383892.27030387,23755.53249888,233212.239498477,156194.288364225,370509.172792496,120594.6131234,154029.97903616,34773.89040499,0.0,1710593.51465177,40173.628663088,0.0,1058857.56396639,543571.33233102,0.0,51126.72162024,72021.90769056,47145.00421549,25845925.0540255,197074.8803483,2357961.93308043,1413274.62220854,137568.15412022,0.0,204603.736208013,1369640.03425996,813254.62144507,978884.2277775,449506.942403,0.0,1619657.98429009,168943.73431012,212608.44081644,163345.892692,358361.93450547,165005.90035733,344716.10338668,289392.54635148,297170.754530896,134944.468455436,1054769.61570046,52909.0,289330.15512136,1005021.09303677,338157.14020274,6237.5539192592,1706304.45386091,0.0,645460.722428494,420508.097260576,44908.555448196,0.0,1489405.9208861,72356.09280332,0.0,0.0,0.0,0.0,784554948.500258,588936.234258484,150803736.119789,0.0,784554948.500258,112052702.907496,0.0,14093704.9505516,0.0,8092074.13993952,23433.701128507,123253.419948209,0.0,6691.2026429412,0.0,0.0,314006.0046084,29550.0,97589.9442564,22647.0742747,86817.32957031,22647.0742747,63283.97093734,109124.56407284,37110.0,175364.44510602,864886.12372357,955878.456151912,313390.15605501,289822.32287466,147199.761647564,166711.95370152,175262.474323638,0.0,57374.0447478,92909.797862886,374810.86091482,11374.54323252,86180.8496465,0.0,236643.88557951,0.0,183173.62004141,228074.52053799,191140.66099917,121423.65829255,201757.40479157,191435.6770291,0.0,205410.1705183,811.663325484,76227.78055714,107829.83180596,0.0,27304.31999715,104542.692445319,0.0,0.0,0.0,0.0,11729.551460948,126206.938731787,103575.569015997,7883.49083548,19584.91129175,363883.80076807,302491.12905551,273318.347677238,203183.94786114,1061291.2408351,169559.53385647,16261.0,0.0,499741.5998765,74462.418263425,130563.304854692,0.0,0.0,922221.11454857,0.0,0.0,0.0,79678.02916767,165430.253371792,60635.15344024,31855.5028931,0.0,0.0,106567.43609445,0.0,309041.20912195,127865.931063607,0.0,0.0,52364.275349145,154582.091930353,0.0,163701.84136635,29094.96034664,858120.63691778,330029.602548832,111839.25184794,0.0,0.0,22067.65125702,108570.61912472,68877.613795161,347100.717007036,165131.923992606,412693.3435969,170958.22060057,129630.058748105,56926.6342991,0.0,0.0,0.0,134230.57270506,16999.9137535,100045.42886904,67169.42236593,67169.42236593,169588.55465586,0.0,13905.40394808,56808.77038384,0.0,126805.538382523,86132.7420449,34362.76094706,219031.696415151,0.0,134089.571039996,38845.9542648,186193.57149247,0.0,37858.37696422,226276.46712028,69326.812441,1028068.24306454,344491.1197896,34342.32722622,147858.58413583,14607.0,51237.02307402,146085.39766558,199255.864061768,461532.18315408
ex_pvhg_wt_late_exp_2a,15277.61461791,134499.15870828,218311.40073991,12984089.081623,155320111.374012,1939707.94781404,333498.254575796,3079879.78659392,244493.098741928,213391845.1306307,0.0,507563.91273785,1272566.47558634,1905064.73114687,198030.41339739,259401.19237939,98330.575542104,124814.70331750001,108204.85968699,130322.64676996,349398.131954619,74453.5182428,137106.130108284,42562.183143,802003.934918729,379167.221754913,2151691.70078581,96913.93715408,1765236.14330232,0.0,44249.5266972079,256497.035765313,0.0,270378.388212337,0.0,3099762.45070108,1633400.91796149,308241.879113606,111180.523217053,260744.830837282,757175.91169125,228525.12679532,340361.87369412,207493.7876367,275335.78369156,566518.04418006,2097783.97813242,1431218.83127239,125725.02647784,152978.883838146,11514.0,1805543.00655446,74157.018368016,217849.9403418,1198983.5448861,561398.48288967,798959.407509986,13596.8111734,78312.20409324,89863.0771793,37361399.5893662,236784.823451981,3321605.35345173,1716854.374604,94399.2310625,0.0,351874.74115379,1443638.69223972,928270.73223272,911876.55396921,570960.841423203,0.0,1903384.56754246,225096.83118983,239252.07674207,65295.83751881,341976.0278489,528607.877247525,692886.94052536,288140.59369221,106381.164022966,38699.2035874938,92939.8370837,316738.111352582,370710.71629614,1003232.0,61481.93805782,669735.754590428,875371.040233216,0.0,709908.88585692,1695085.98278776,1369685.67689104,0.0,1729042.22866256,38994.590576682,10563.52978167,0.0,0.0,0.0,761896615.900977,514592.237995596,77050805.8445361,0.0,761896615.900977,6297235.2432161,0.0,0.0,0.0,29372248.9151651,32452.1606461,78343.8063914,0.0,37856.96802762,113342.60100273,0.0,264216.77074501,82058.87734503,58786.316186298,23261.72766409,90472.7322014,44502.18470079,64106.56769723,105740.33352435,28385.35399152,163131.975999929,741572.94170134,833958.188187922,155408.43931829,387021.969672,87991.53104786,138457.80787608,478623.90810188,33992.4378171,0.0,439456.014109176,0.0,68137.37338512,1097669.61318864,0.0,3687226.07845233,0.0,254850.5287132,226101.51651451,336973.61345338,492175.384918508,614863.80007109,189372.29856958,0.0,1640191.74508659,70946.6048722157,5342855.20644351,44372.73459145,0.0,888557.089223107,5498889.3676433,0.0,0.0,0.0,0.0,85912.844982654,63208.550531292,188715.279495616,982.44526464,10611.36589764,513858.97642788,809573.77328924,692671.162365976,437053.451025072,721009.325928368,78014.856924188,102492.88770062,0.0,21927.88837438,97097.8589790066,253918.587921436,0.0,19825.173802907,554665.343474645,0.0,0.0,0.0,209332.00512668,225599.44501497,272222.28330196,8897524.50261069,318890.81899733,0.0,2538684.20646441,19084.792038753,727382.89131929,101882.83347169,701328.41933822,0.0,294883.84908513,277553.415159042,0.0,216200.42654716,235978.60642477,10585636.0971742,87094.002521985,89873.89514532,0.0,0.0,120433.181300537,329292.29544386,186779.65693324,558000.50396218,280881.83954976,201153.35293373,304194.542237478,160718.96097701,93843.63296933,28770.00619197,11116.91292237,0.0,328758.56615391,46228.87070986,358275.766951766,443846.31162057,586137.96957955,196437.98654148,0.0,19101.00495287,0.0,0.0,111462.429731278,279479.506671526,52631.310029462,403975.8405111,37487.004775118,172797.175689424,57869.89161767,250102.19793461,0.0,0.0,271824.327855608,84327.43352811,1295354.70986859,491666.340140736,41256.92720385,156284.099743543,51328.26227399,39026.63632616,168623.21825556,372701.197799964,657499.03584732
ex_pvhg_wt_late_exp_3a,23383.85299332,59629.8774283,195865.185890792,20745222.9947845,3438195.22736162,1152391.38666688,345962.367945871,3295725.98800501,170200.45379972,110372392.67324859,91554.33454496,316294.9657322,622775.551338864,1483119.1384726,582258.33866712,92071.57285593,217551.705187743,69877.84370912,185339.13825518,22336.75203087,219162.443287484,61029.9341937835,61309.254573959995,22853.935994477,602150.017882274,307493.728667608,1075227.11295735,42881.8491394,940733.932336757,0.0,32419.448159004,171716.795863734,0.0,130704.900816227,0.0,1222433.984765,964217.434861851,307100.302859087,265516.87757473,494243.55062834,188296.92202557,0.0,281740.586914382,377099.85482868,237707.60982181,794370.94241962,0.0,522673.43142468,202174.64656552,59418.368944539,0.0,1754407.77328674,41357.889368976,225401.99927492,1205709.56895398,479730.95231378,215166.703253338,12880.6201804,19127.21156465,21276.99264437,26195199.686499,547616.519877066,28103.41706284,1408245.68567709,143042.21709091,0.0,153336.41994296,1266066.82805056,715588.152905086,903820.192914258,116955.163048112,0.0,1683381.49572086,181942.95986233,191812.67543044,129563.7272592,315876.12586651,339379.255686129,406886.56020325,200881.737535467,192440.005353816,48034.7397191432,553677.56307408,192632.5743892,330855.37549418,1160691.2244092,58827.40269251,423731.407650526,1877275.72151388,1052630.73158323,581372.99548632,937887.989288011,769608.830055911,0.0,2055098.05890552,65372.77364376,49056.86288471,0.0,0.0,0.0,748762951.679986,602100.171681818,185143348.44217,0.0,748762951.679986,156679658.891028,72755426.7783488,0.0,12067508.1517368,92798136.3008005,23405.015474963,53859.90424927,0.0,65295.31553728,3884.291639468,0.0,333253.13147495,141314.8764783,84000.52317875,25626.08160905,99597.28004178,36665.97545881,165010.84561344,159961.0971056,43090.5266712,26453.365852377,1042039.06452229,1123572.4360887,258170.18147252,263683.53168315,178999.861468893,60032.092493641,137552.30111372,11580.56175608,22068.8112262776,154317.20711216,177713.5877664,54073.56329488,47739.693101742,1529799.34585315,1769992.70028795,0.0,177101.10224429,226693.6555931,323344.93067802,437063.973632044,563972.227708192,212483.83364871,0.0,838889.53880226,42839.136741272,85769.261731982,6479014.46117225,0.0,594326.511216027,3137196.79722405,0.0,0.0,0.0,0.0,50887.7080931343,68081.92583378,153886.557280058,34237.0,9060.0714274,276854.37248416,474884.80916323,498294.0,380509.0,857848.189396642,151042.70454957,39951.48326831,128148.97266678,518142.727832873,83384.9554590404,91081.682357787,0.0,0.0,785471.22825905,0.0,0.0,0.0,64513.80119124,139911.704150492,158922.03005222,2443966.89025298,67845.7679096689,18227.90303172,548109.72188918,3467.367782814,308429.66548005,119884.657238533,165887.60889472,0.0,158947.557974786,151960.801768722,0.0,69829.97002306,166660.502628702,7143732.07176944,4245.565994516,158680.3562288,0.0,0.0,676.31888918,185074.00638337,97461.285027748,457435.972941132,185201.37114565,374035.222831545,171907.938362625,135808.339443225,38182.91647712,0.0,0.0,0.0,140640.50458909,25782.97757862,149748.1961744,213232.70861421,283068.00780307,197956.28705751,0.0,18469.8883622,37048.16544745,0.0,48611.51538071,183812.05060646,56440.493460505,201162.734602731,21872.13003929,105476.60317729,44330.81281273,92619.28358008,0.0,35646.68005793,213255.13636034,66902.133881238,877829.487792198,310411.817630076,38466.32277796,106117.70752426,16872.03332772,87079.71289542,106315.8001079,170061.669029167,370816.56284502
ex_pvhg_pvhg6_mid_exp_1,1811245.33345743,0.0,577126.144840076,120321939.683466,6140688.92361982,281910.41139877,107047681.277243,133477723.750889,859965.353436902,1019999093.691041,0.0,629808.46374242,725556.428795152,37063084.7464069,394527.839518111,0.0,766190.440882676,844.102096431,132167.19539737,76967.99701253,863091.560264528,374703.98975456,63999.50590341,586711.832227178,670724.665572223,379826.385444395,3496596.97451102,480715.30292223,2113612.06816836,0.0,1118990.82984291,179029.812675378,0.0,322970.490407313,0.0,3667594.68301998,91092.584580284,464170.77655795,356954.365152234,369078.12827497,44260.2531012,0.0,72210.1614042,20107.1958768,360805.40533422,610669.217181614,0.0,705483.06576175,498642.45243107,71796.142227154,40971.501357672,1610085.49607025,39128.243559778,466333.05764628,352709.188972292,1145.39434827,12521927.1613624,43358.147448,127130.79638992,139245.03918044,40662391.7662833,190224.24440142,3681501.04547861,1491317.93837645,99378.5554087831,0.0,677664.45429708,1217841.84428293,591687.72690232,46029.02695503,67536.542556265,613235.878642333,1477014.83097818,344753.67006024,344753.67006024,125004.74215019,300846.0894653,125753.24162259,523763.01980638,211471.842484056,13800.5674847,236166.27781557,344009.42232262,212955.45583646,88873.26916733,353581.04839669,344183.907973728,1948800.26652003,1786696.45766153,0.0,693025.65888715,5004534.37096796,4504772.55307283,0.0,5882979.76102492,12608.3880726778,41193.053128145,0.0,0.0,3383704.24597352,56869979.5252874,120057.545890995,265396105.906599,0.0,771749143.363135,265156537.257544,0.0,0.0,87041.31899134,34341493.1587733,16120.0250124656,3021.80941708199,0.0,185619.958212453,158866.67068456,0.0,314198.96881322,243897.00680833,92243.4202878,86390.99964719,65937.0719232,51155.3374217,283350.92260454,1843580.41639968,101670.317459712,171966.98601118,1931494.64933166,2188983.09173462,278613.22796972,131496.37611011,126788.52634668,1409333.50404936,5502869.91123429,765510.84557831,0.0,334963.28836243,0.0,63365.9885607,347110.0,579225.31044567,1553853.70614214,0.0,154941.1487106,120698.03419325,5131572.69886612,11954041.9863064,12551099.9288604,108521.3841368,0.0,1453974.0,123715.35849806,297766.8789788,338713.475942059,0.0,645681.011925495,59615824.3692586,1184357.7760776,0.0,0.0,0.0,833705.726513718,73664.075833556,181665.1506873,69455.519779,19221.57708765,544987.18386075,230348.39162686,223899.660332598,239521.551233905,0.0,89951.79752702,22830790.8796759,0.0,118830328.177879,2699125.41658623,164604.311174954,0.0,370144067.817962,258823.796743068,468976814.263053,324393.88540614,0.0,105339.95554128,0.0,25794.8936938332,3882725.93786508,828280.728858939,1328327.81204797,799482.49557216,105630.16383334,3547888.40747352,12174.55240647,10083310.5149431,0.0,437807.667931165,419948.077452806,0.0,153043.65926284,123491.10222461,8329392.31386123,0.0,55630.99659846,0.0,70884.936897,60743.45724572,263142.70007783,163271.71309167,463654.84257692,245506.43602274,104446.46763065,176963.503647103,113005.659517418,39199.89555055,78301.46653099,171632.31633315,50945.15532106,203188.00890791,42443.01516529,104765.53520215,75188.3254999,75188.3254999,177474.17724593,322362.053781836,14769.9612541,40713.50359761,0.0,103631.80928897,291485.026897272,85682.471504409,155408.591737907,0.0,210376.759974101,52263.00613893,316304.04043731,0.0,78684.69488742,336121.00384295,41927.66516508,1111148.71694364,380767.069040185,43092.74525763,11282.2312536,151836.4442263,97877.07277165,157420.44604695,334913.684611587,297465.62009916
ex_pvhg_pvhg6_mid_exp_2,5015630.89695417,0.0,488893.43604889,51317045.0906369,8370166.15774796,315275.547813174,134100224.549525,188168057.454688,891172.684740624,986673151.398025,0.0,467254.04990904,936931.94959464,36820455.3474489,1005090.88416819,0.0,808569.120015893,0.0,266879.07799857,71468.66225049,807444.222551894,723156.7006025,315257.4741752156,579091.366194263,831043.651874191,464200.45506698,3835515.98428739,697411.99535174,3142224.48331045,0.0,1290861.07845992,224299.152153426,0.0,298902.558598395,635667.3537312,4609867.74348996,103022.775952484,330920.189069192,335964.784095007,65812.08744918,107972.89162489,0.0,221860.03439535,60275.42181056,425467.219168905,944141.348142898,0.0,274226.396747,696054.09483846,128785.70710438,63694.99739319,1774601.14360488,47326.279842145,415238.76420959,472790.1489916,538286.54893436,18093010.3226916,47168.761078675,121021.69766401,157754.63758732,44480908.4734548,498405.0,247188.864750375,1558531.65728266,78539.20455315,0.0,665730.573873133,1279088.8133149,564950.14473482,349856.93778176,252285.715816339,443823.656295623,1346750.53197348,393256.366989,393256.366989,140898.25311758,362674.38486272,110420.0,229497.262265388,82498.497530296,108587.73741382,67354.3987643104,179387.728243507,403723.12521723,66919.24184215,330581.86470912,374583.969537836,2213480.89768241,2046905.0,0.0,901650.326191205,5827025.06207003,4418534.10911253,0.0,1149664.29930336,19740.133932168,34413.72997267,0.0,69120.602878,0.0,741651295.319326,0.0,42446117.9598436,0.0,741651295.319326,82746805.9263803,0.0,0.0,0.0,36486344.1086604,63532.2956389868,0.0,0.0,4923556.04703293,175885.15160719,0.0,281695.47329335,132602.91082707,199722.79473914,89798.55927732,183543.38538114,248221.41611096,324827.57538068,3496037.05781663,238063.552366731,413053.911897736,2605453.07528296,2788913.53648026,335548.91546337,1195704.87634418,120640.633671585,1178200.76812342,4374423.36008059,730743.022425989,6091.2381641202,198245.74684738,0.0,60804.15091058,25982.97714941,0.0,1395855.91823353,0.0,142837.23274879,105769.364972879,3916098.70446,8779591.50490704,9648812.0341816,8991044.32925818,0.0,1148489.2089128,7618.7922125,173998.70138877,145701.063119915,0.0,1468442.38754667,58020983.8295044,557582.22052044,0.0,0.0,0.0,421613.590811367,67033.738484711,240872.64289649,8768.23996629,20266.46351439,736163.94186516,421559.55667513,363388.681490831,358610.53117305,10649.50149888,18554.10196455,35506578.6425277,0.0,168907289.291948,9310653.60345273,200002.476638657,0.0,447159078.848848,272005.74612401,533480613.997477,394651.50132803,0.0,269692.28211184,238200.281508856,64527.6836807045,5894162.9520562,637361.645401486,1467693.23688459,845299.74746686,116880.53679302,4460351.17266383,39371.9372251316,14447746.7946916,0.0,583901.129588632,483697.185387444,0.0,129296.2555899,178682.60785339,10672963.2728469,0.0,0.0,0.0,42057.82101906,71595.69486129,305281.81877196,184612.156462172,524278.009377812,238187.923403424,141741.94876261,189676.89902306,72214.629039368,49431.49575489,141793.16735035,396926.06798994,92921.9730842,258143.93141979,25327.45801541,107135.45345489,48700.53556336,48700.53556336,132296.58923969,411520.582794587,0.0,31316.0484424,0.0,135459.562784399,378943.442040767,71108.857648987,265541.023623908,0.0,239613.87015306,70599.33224408,335573.59448205,0.0,41964.27879205,298628.96880685,65476.36578721,1232435.06456495,470555.532719752,12630.32965124,10050.14578632,121449.55157032,75510.57467368,164193.57158402,445953.87985356,297927.2019999
ex_pvhg_pvhg6_mid_exp_3,2515551.32035358,0.0,370355.585468756,73911834.015464,67275457.2559338,234176.661035864,72623752.7210334,97545607.1058038,467424.19985212,396326005.6617047,3618.21983016,237195.26089056,4187320.96630443,26007341.049512,0.0,0.0,303546.393317319,60699.99574504,10380.9915308,60383.66849475,794269.425753803,6201.10435476,42452.377486908896,233297.197957791,1750249.68694313,1056325.34642485,1569021.51704234,537601.44984975,1644390.37390362,0.0,660357.08577406,160958.652833101,0.0,76643.508288231,48382.7064136,1094853.4546626,64566.241295704,480349.839507698,184932.690338592,146024.2735602,40886.2836962,0.0,54984.46628864,44509.11065536,434227.99774338,1413564.47528535,0.0,221285.0,122505.46129379,31411.685359796,50815.64106796,1022901.36216013,20107.440936826,294885.67606153,334744.53033492,323085.92430367,6080052.0277095,20968.37967515,19002.06336684,21503.99463075,0.0,273528.36587411,34300.0967436324,1504952.31367232,252166.69520384,130368.31512304,809041.57389909,1354369.85207345,714424.888668153,361658.846274438,284341.186971423,0.0,1115557.58645466,252411.58679428,260373.02598732,134421.160982078,171865.18739212,62697.744867325,5954763.30533601,237149.32627688,72542.24801851,32790.805052879,223449.713019602,200736.62816,213077.98361308,248646.06939927,128816.98393743,445805.5148086,477044.39839864,0.0,290118.026792527,3690908.51154101,1877166.40499522,0.0,1172050.28349488,138851.20181902,60364.9669298996,0.0,0.0,0.0,971619847.477594,5891928.68794069,186273354.310219,0.0,55848842.3019758,181629537.367257,0.0,0.0,0.0,29849364.9296241,4695.7301652744,189693.89284942,0.0,14712.0,27382.2807377076,0.0,1412011.16915274,349008.36852802,23538.437912,101315.00397288,82935.725965,230523.46410632,190527.3934997,2045622.2126221,213474.046372716,279179.999052785,1095985.8579136,2007662.77200595,277779.559131,375842.03898876,174575.08015594,1908318.63567127,464139.76933405,764739.91968122,110071.128421064,676210.0,0.0,443039.077010892,132195.818822742,0.0,921319.371029204,0.0,69879.958686,205861.418963884,976148.707937157,2076800.66639897,2055459.63196502,359506.91820708,117115.540493112,280259.24069265,32141.018555588,5817698.44689529,5979450.16136245,0.0,230025.028428016,23552301.0141646,0.0,0.0,0.0,0.0,481968.785897836,178141.228988546,109427.918624651,149774.82971206,0.0,363329.14688075,361403.25108185,372289.81484973,282100.0,2429.28484455,286768.85429417,584125.019201311,0.0,16120028.3903535,3186430.65983544,126535.732369995,0.0,247357197.481587,84338.2528644003,0.0,72847.89957993,0.0,114562.824681539,126087.640935119,0.0,28987.211581167,321798.632735824,831340.16310195,380283.72543578,48001.8966682114,2027964.00176821,182197.281624229,5108360.33056502,0.0,239979.9021797,116815.67695584,0.0,45965.66945688,107111.25019807,5532336.64068675,0.0,200992.90961846,0.0,0.0,14117.77208505,61756.67074169,41172.39244881,321881.44898093,26454.17659328,340218.7993709,280605.470500338,154573.76419773,0.0,30583.95609368,46535.38967528,22772.30474904,62321.770321812,60383.66849475,115350.85997268,123094.94633305,123094.94633305,309168.56519556,108147.8339239,0.0,99313.75501419,0.0,26807.307584967,208924.41956173,93358.252336198,143090.338585968,0.0,107147.569604402,34596.25034434,275943.6510827,0.0,40959.315522152,100454.897716352,26591.92297869,683290.175914687,240590.060884925,89345.91312302,0.0,15910.0534177668,481154.43132538,74196.4373286,56142.2681767216,2809964.01930866
ex_pvhg_wt_mid_exp_1a,50617.172403119,0.0,114279.267331597,189315881.820855,8998527.29331157,1227941.22594527,35747297.6993704,28192111.0780969,342210.913645887,1064399263.280371,0.0,753653.9362767,1381148.47035278,22117171.2434345,3468725.38327061,52973.46373305,267005.573078249,0.0,35285.0,110390.34489916,231457.960014568,70181.19622384,105763.46586242999,26468.05313007,864980.775508188,384634.935048689,789469.048391065,114386.38807877,4736880.11446112,0.0,145288248.428746,316197.517667255,0.0,190095.273047325,0.0,2444364.05370894,320827.97915663,459218.832612185,242834.725949595,170008.0,92792.28143669,0.0,257931.17286441,57897.2373133,212330.520666426,445507.59083674,0.0,185852.19081621,170528.69501492,195514.817498687,18437.49367721,1938785.08800405,53284.179080667,1457421.65111508,1269386.08467618,514134.80012987,1942809.45226572,52605.32370936,49558.68119262,201323.563948,48133779.6923058,261273.98286977,91137.969922706,1806850.7803539,0.0,0.0,450939.43138852,1075904.41954929,643897.02846451,824413.71419971,363660.839293368,0.0,1774898.91088509,221283.52647495,251689.61494148,153716.05842417,344394.99158899,201770.389381855,270265.80226978,715486.78171335,118803.43481648,71835.929750595,714219.15165428,213032.34589259,122948.440972245,1058229.0,84497.883071262,484927.07765554,908328.83401737,0.0,1012366.12475191,1300368.48940494,1222434.03826626,0.0,2370909.40409072,4845.24315657009,121588.15435154,0.0,4834944.51509686,0.0,969859281.719807,9764962.20213817,322214725.607664,0.0,969859281.719807,301897631.622703,0.0,0.0,0.0,42946354.8378644,30911.304063338,71047.206011794,0.0,53356.873534441,58643.60728022,0.0,330177.82344549,70573.256773176,115359.47127126,110210.62749825,80193.57010564,99204.34392873,39535.25977898,222941.72026263,54228.086555616,306248.358983279,1609575.13213782,1775683.82698988,69763.110799247,145251.96925131,205646.857770597,422297.145498899,1208697.7519688,76211.37526665,0.0,283406.34062683,0.0,48736.10514861,20059.20338312,0.0,937122.73216707,0.0,142868.3427523,226360.63349994,2875996.58994459,6714262.66586486,6922036.38818662,104899.06443146,0.0,953585.614505002,66563.48669914,113698.652295881,119599.308302395,0.0,1066181.38033265,47284247.9589343,399749.42851927,0.0,0.0,0.0,148520625.155028,67795.690206648,198513.967351152,7837.99053781,31730.634069792,635104.22365189,399502.33790946,388960.693535858,257754.500142718,38214.43991236,138012.83429625,74547.01923488,261377.265611115,25172772.4995639,2702027.32579392,0.0,0.0,128701776.630092,308836.296327409,0.0,0.0,0.0,97025.07660784,271931.810381954,91656.7357080632,5560439.23940111,181726.98003801,1314967.71310576,2494369.37682804,12377.46879483,471659.96261886,79150.31228892,1594692.9258652,0.0,101751.446542286,124632.52755245,0.0,52654.825854891,318858.44449951,10363779.6627274,16166.793400356,64318.44218147,0.0,0.0,66951.73402445,253911.2005204,158447.526938142,582519.243136497,73885.4574138,197214.95790329,180217.24410356,94622.33917844,67625.33875137,16538.02798317,30816.0,67373.83555716,415067.51142242,41309.75104643,193954.03405142,94244.70054036,133553.36766889,165049.71253836,138436.46110199,27120.52488345,103266.76492029,0.0,158771.893753386,68479.2877573,33780.55027614,268011.373082263,14936.74573052,155977.06783728,35876.5702362,118315.66085018,55788.1154024,131500.20277044,137640.22950819,111101.3006456,994752.609658847,362841.254349161,38974.2575325,14892.67324776,90622.20390265,173842.52334638,199800.17262848,354890.86247784,779879.33436716
ex_pvhg_wt_mid_exp_2a,184888.472466166,0.0,44198.92206308,226361342.044323,20103561.8694049,570284.970603922,78444347.4076308,27842600.1040835,360591.691956208,597114683.4417574,200837.71686132,762954.92657442,660713.480963996,7982421.38022717,2732527.99107947,0.0,7948.68825828,0.0,38556.94078016,115999.04230062,253503.004023912,94872.46955248,635106.700734242,35692.66211178,786582.09012972,358560.340640219,1196015.84313813,92820.25833174,2811618.33749969,0.0,141456088.77039,171588.41924408,0.0,236225.202313145,0.0,2341249.53822674,204338.773246864,390503.576667453,273838.342787988,197307.83699835,110489.04397823,0.0,101038.49674269,27202.20923741,213011.19033204,249936.44659685,0.0,407799.57337243,117733.066358391,63150.17627887,92034.97161937,1759444.26941631,43509.103698023,1397500.33328159,1076714.14855833,1429.80719164,6309892.32505342,1641.95450111,69640.41661608,26378.5247568,36148640.2479239,169524.37203111,3229556.57439414,1531694.75239991,122337.80750092,0.0,485768.608974888,1218548.72815035,746522.71835555,878267.59196731,520306.357888513,0.0,1733835.15817407,184235.344675,213270.70650544,157794.48528982,325177.466980681,250408.45887356,357394.586790462,1017518.28227116,102229.43536702,11943.08983488,1025496.29463727,245575.60394575,149421.78243826,760321.33546066,129214.349422049,269292.517284653,686950.45692813,0.0,742346.102317693,776577.58197609,732298.882721826,0.0,1874102.17272362,13692.5223847364,39791.7374686,0.0,0.0,0.0,252194233.294452,357372.398340635,59281728.0,0.0,44068616.0705374,95600527.0842969,0.0,0.0,0.0,38060439.3292763,30563.772195438,102859.998883473,0.0,47873.435142964,131226.02071368,0.0,335329.07458995,334642.88250668,18501.16900788,18978.54882092,101496.8027091,26891.7207452,29188.140837985,150201.023039734,45248.725504584,410624.008298639,417217.031945042,2380954.83744614,250973.23178022,181068.216835155,226274.973101108,406565.871109925,1018083.51227992,37281.99057912,44142.20100558,185960.72925978,0.0,52143.88986198,214582.0,325265.729193593,1140399.64603549,0.0,119688.55574008,255869.28502008,1258886.10354839,157914.733717624,2902914.6717865,121336.8584546,0.0,1206511.89068573,418092.65013995,28334137.3539527,28383141.4393126,0.0,1410942.64193,34504410.1778211,0.0,0.0,0.0,0.0,141517689.499272,36066.264494947,182966.025526192,17190.59922307,20952.788036245,264818.04371203,265740.295466692,202562.283789376,108841.62545256,0.0,251363.73110473,4250963.22054435,113191.07424121,44279400.9762865,3531306.19818217,198140.321827316,0.0,269329740.203961,241467.77362456,0.0,311507.27431418,0.0,173107.0393215,272558.409541206,90515.5391210994,12323065.2370381,503008.188229935,1504172.5744523,964679.0534115,11774.951509961,456334.41913349,9894.8595438159,4996338.13018862,0.0,107829.991284043,153080.58392347,0.0,162056.67916823,213900.85820904,8852324.2402796,2707.52700377696,39631.18142864,0.0,0.0,78703.22390418,247689.30033543,156421.34481786,474471.471428034,147682.82598086,99497.87684073,308887.093278207,167110.161459426,48277.16643192,46427.65704714,74227.45595424,223637.673517405,163928.99557933,42830.21542387,220977.31612674,108032.00769625,167772.94426024,226579.2319282,522421.903114011,21483.67923552,32042.3942687,0.0,134897.02724765,157410.33200494,60556.049995,228559.81790952,24340.27117346,172385.953912908,57654.62349043,107652.87574349,0.0,106235.65725669,127970.22662566,80538.18000715,1241158.5931235,379363.219299485,86579.03777019,0.0,192020.26891283,136877.92086279,154858.65741273,251476.299477802,465635.97941461
ex_pvhg_wt_mid_exp_3a,136010.662109847,346.3268644746,42762.31162718,61664549.034875,4113795.01411674,329424.56061146,71996366.222391,55520077.3706623,381307.035089597,892750066.753677,214393.37212599,521182.968132668,1122390.69473528,3460961.07259148,1578722.01956364,0.0,62028.998315742,0.0,22271.0,113688.1698853,38082.860730702,58559.713392263,61922.0,25070.0,866217.16057572,395454.847297591,179177.53390743,83489.0,3721891.51966863,0.0,158974714.819717,276493.642686825,0.0,88111.81459119,0.0,699678.0,175819.327882872,246857.517554201,157863.635542268,113173.502164352,134463.407914966,0.0,121798.658932172,13525.431670509,182580.799295864,452398.65183467,0.0,212878.8176008,128989.22811844,143129.989231338,22229.61070622,1745410.65287818,50736.025320816,30235.446957726,964536.115732404,47786.77058475,155389.367285966,5984.72041785,64788.51380357,65192.92686168,42542752.5359995,227245.859911548,3640605.50415922,1611043.55922174,70286.4781869,0.0,475837.96296052,1187683.2752318,529191.59903565,809327.6427136,49283.4465785,0.0,1710217.0501014,94686.02322927,148574.72909489,170484.03427034,309492.261627054,184542.7798877,279290.230079004,395384.0,102160.84615145,15760.0,1034458.21443156,214230.49102133,85915.91174628,731821.9462955,55519.169500406,17297.8042947496,1125661.9793818,0.0,757708.758596793,198522.013108037,56897.2457702493,0.0,555742.50511496,0.0,27490.50411326,0.0,0.0,3031056.84870279,987365687.825357,222165.696446278,169862173.911915,0.0,987365687.825357,134305610.918041,0.0,167291980.578018,0.0,34745539.4829077,26035.157782208,149589.773207027,0.0,12231.313733994,95991.8747552932,0.0,290564.37088814,141676.43726247,136005.98798314,126504.331021362,108698.10913075,118812.318097232,89053.279178152,446836.0,51631.826515075,338423.300417654,1635533.04130287,348885.93721467,37508.1961992768,360281.0,186813.086614264,189383.0,242132.810794115,66779.03907872,51709.67667921,337837.0,0.0,58019.553714882,169651.467935664,0.0,562567.1065648,0.0,93773.81955445,221636.98453164,433399.78918405,1001462.0,837971.4855847,168182.5729659,0.0,197059.667695158,61705.97700848,21645.01306894,100794.61837681,0.0,1199649.57422423,38517565.0,0.0,0.0,0.0,0.0,159250043.110528,53682.2163477826,144824.50033439,14530.45539284,17888.031480428,119505.92401536,311150.974099263,270336.050010799,155744.732750938,7375.79808456,144607.05130711,489197.473565092,0.0,49717232.6829808,3139949.82339038,164921.782257083,0.0,251570786.79449,194081.305982318,0.0,188263.31204516,0.0,141810.787042928,876.079249165,37475.8191996715,2517027.94927732,118348.203429215,1382884.14208926,1017016.3157608,11530.9448963941,382186.7430991,104940.861475059,105809.848909216,119869.93844037,115177.449350064,138121.698697604,538378.41645003,196312.25363382,321054.11421516,10081312.3103496,39796.55673083,84265.918002354,37230.200651684,0.0,96560.0,276698.781168775,141661.14159546,563224.927690057,76424.0,267697.38353777,270259.494069614,156670.664060193,50023.703266864,13224.33203722,15719.409653419,273207.236366744,317933.28153596,49368.7924972,310507.924787758,122183.89959456,152678.63600671,177158.56313436,594146.471841035,19076.19810608,49564.91680913,0.0,5985.3772748979,86064.36855912,30948.5182515,204518.779864861,19778.00893896,156977.293802155,49443.29569359,114386.18390434,114386.18390434,69981.884706341,100682.494892581,39869.686791442,904133.921396427,302903.839755924,40069.42692247,16339.0,123963.7523133,143846.07541922,151873.312212048,281720.810867625,793445.339189447
